-- MySQL dump 10.13  Distrib 5.5.14, for Win32 (x86)
--
-- Host: localhost    Database: 489PE07
-- ------------------------------------------------------
-- Server version	5.5.14

/*!40101 SET @OLD_CHARACTER_SET_CLIENT=@@CHARACTER_SET_CLIENT */;
/*!40101 SET @OLD_CHARACTER_SET_RESULTS=@@CHARACTER_SET_RESULTS */;
/*!40101 SET @OLD_COLLATION_CONNECTION=@@COLLATION_CONNECTION */;
/*!40101 SET NAMES utf8 */;
/*!40103 SET @OLD_TIME_ZONE=@@TIME_ZONE */;
/*!40103 SET TIME_ZONE='+00:00' */;
/*!40014 SET @OLD_UNIQUE_CHECKS=@@UNIQUE_CHECKS, UNIQUE_CHECKS=0 */;
/*!40014 SET @OLD_FOREIGN_KEY_CHECKS=@@FOREIGN_KEY_CHECKS, FOREIGN_KEY_CHECKS=0 */;
/*!40101 SET @OLD_SQL_MODE=@@SQL_MODE, SQL_MODE='NO_AUTO_VALUE_ON_ZERO' */;
/*!40111 SET @OLD_SQL_NOTES=@@SQL_NOTES, SQL_NOTES=0 */;

DROP DATABASE IF EXISTS PE_Earnings;
CREATE DATABASE PE_Earnings;
USE PE_Earnings;

--
-- Table structure for table `customerdim`
--

DROP TABLE IF EXISTS `customerdim`;
/*!40101 SET @saved_cs_client     = @@character_set_client */;
/*!40101 SET character_set_client = utf8 */;
CREATE TABLE `customerdim` (
  `customerKey` int(11) NOT NULL AUTO_INCREMENT,
  `regionID` int(11) DEFAULT NULL,
  `regionName` varchar(20) DEFAULT NULL,
  `districtID` int(11) DEFAULT NULL,
  `districtName` varchar(30) DEFAULT NULL,
  `customerID` int(11) DEFAULT NULL,
  `name` varchar(50) DEFAULT NULL,
  `addr1` varchar(50) DEFAULT NULL,
  `addr2` varchar(50) DEFAULT NULL,
  `city` varchar(45) DEFAULT NULL,
  `state` char(2) DEFAULT NULL,
  `zip` char(5) DEFAULT NULL,
  PRIMARY KEY (`customerKey`)
) ENGINE=InnoDB AUTO_INCREMENT=31 DEFAULT CHARSET=utf8;
/*!40101 SET character_set_client = @saved_cs_client */;

--
-- Dumping data for table `customerdim`
--

LOCK TABLES `customerdim` WRITE;
/*!40000 ALTER TABLE `customerdim` DISABLE KEYS */;
INSERT INTO `customerdim` VALUES (1,1,'Eastern',1,'Northeastern',16,'Meridian Resources Corporation','Dept #804','1977 Symbiotic Turnpike','Fall River','MA','02724'),(2,1,'Eastern',1,'Northeastern',17,'V.e.v. Sa',NULL,'7079 Aspect Circle','Ross Siding','PA','17723'),(3,1,'Eastern',1,'Northeastern',30,'Pulitzer Publishing Company','Suite 277','126 Pathological Circle','Woodbury','NY','11797'),(4,1,'Eastern',2,'Capital/DC',3,'Beckman Coulter Inc.',NULL,'5841 Pervades Drive','Fairfax','VA','22035'),(5,1,'Eastern',3,'Southeastern',2,'Motts Holdings Inc.',NULL,'1618 Greenland Street','Tallahassee','FL','32304'),(6,1,'Eastern',3,'Southeastern',6,'Fidelity National Corp Ga','Dept #915','11455 Sheaf Drive','Anthony','FL','32617'),(7,1,'Eastern',3,'Southeastern',10,'Saint Andrews Golf Corp',NULL,'8068 Substances Street','North Miami','FL','33261'),(8,1,'Eastern',3,'Southeastern',12,'Cohesant Technologies Inc','Dept #690','3334 Eggshell Circle','Oakley','SC','29461'),(9,1,'Eastern',3,'Southeastern',13,'Publishing Co Of North America Inc','Suite 518','978 Degrees Street','Heron Bay','AL','36523'),(10,1,'Eastern',3,'Southeastern',15,'Railamerica Inc',NULL,'576 Stew Turnpike','Mans De Navarro','PR','00778'),(11,1,'Eastern',3,'Southeastern',25,'Liberty Homes Inc',NULL,'3051 Bumblers Lane','Medon','TN','38356'),(12,1,'Eastern',3,'Southeastern',28,'Gte Corporation','Dept #532','7196 Heaver Lane','Winter Garden','FL','34777'),(13,2,'Central',4,'Great Lakes',1,'Room Plus Inc','Suite 836','6037 Ecuadorian Street','Clinton','MI','49236'),(14,2,'Central',4,'Great Lakes',4,'Magainin Pharmaceuticals Inc','Dept #332','9138 Planetesimal Lane','Twining','MI','48766'),(15,2,'Central',4,'Great Lakes',11,'Synaptic Pharmaceutical Corp',NULL,'8072 Powerless Street','Bridgeport','IL','62417'),(16,2,'Central',4,'Great Lakes',14,'Newcor Inc','Suite 401','8717 Involve Drive','Homer','MI','49245'),(17,2,'Central',4,'Great Lakes',24,'Helpmate Robotics Inc','Suite 213','9711 Writers Turnpike','Saint Cloud','WI','53079'),(18,2,'Central',5,'Mid-America',22,'Chemfix Technologies Inc','Suite 50','11533 Wonderingly Drive','Pasadena Hills','MO','63121'),(19,2,'Central',5,'Mid-America',27,'Lnr Property Corp',NULL,'9382 Demolition Street','College Square','IA','50613'),(20,2,'Central',6,'South Central',8,'United Healthcare Corporation','Dept #855','675 Hordes Turnpike','Malaga','NM','88263'),(21,2,'Central',6,'South Central',9,'Greate Bay Casino Corp De','Dept #242','4255 Depart Lane','Randolph Air Force Base','TX','78148'),(22,2,'Central',6,'South Central',18,'Scp Pool Corp','Suite 251','755 Leek Street','Enid','OK','73706'),(23,2,'Central',6,'South Central',19,'Camera Platforms International Inc',NULL,'5347 Deposed Street','Houston','TX','77244'),(24,2,'Central',6,'South Central',26,'Firstfed America Bancorp Inc','Dept #851','5656 Settler Street','Ward Prairie','TX','75840'),(25,3,'Western',7,'Northwestern',5,'Sterling Financial Corp Washington','Dept #505','7258 Meriting Avenue','Portland','OR','97201'),(26,3,'Western',7,'Northwestern',20,'Labor Ready Inc','Dept #759','4618 Days Drive','Waterville','WA','98858'),(27,3,'Western',7,'Northwestern',29,'Usx-steel Group Inc.',NULL,'7120 Whimsically Turnpike','Olympia','WA','98501'),(28,3,'Western',8,'Southwestern',7,'Fedders Corporation','Dept #520','3311 Blatantly Circle','Santa Fe Springs','CA','90670'),(29,3,'Western',8,'Southwestern',21,'Shaw Brothers','Suite 371','2567 Cardinal Drive','Whiskey Flats','NV','89415'),(30,1,'Eastern',1,'Northeastern',216,'Rothschild\'s Sewage and Septic Sucking Services','Dept #1','56 Odiferous Way','Rochester','NY','14600');
/*!40000 ALTER TABLE `customerdim` ENABLE KEYS */;
UNLOCK TABLES;

--
-- Table structure for table `datedim`
--

DROP TABLE IF EXISTS `datedim`;
/*!40101 SET @saved_cs_client     = @@character_set_client */;
/*!40101 SET character_set_client = utf8 */;
CREATE TABLE `datedim` (
  `dateKey` int(11) NOT NULL AUTO_INCREMENT,
  `reportDate` date DEFAULT NULL,
  `month` varchar(10) DEFAULT NULL,
  `year` char(4) DEFAULT NULL,
  `quarter` char(1) DEFAULT NULL,
  PRIMARY KEY (`dateKey`)
) ENGINE=InnoDB AUTO_INCREMENT=1468 DEFAULT CHARSET=utf8;
/*!40101 SET character_set_client = @saved_cs_client */;

--
-- Dumping data for table `datedim`
--

LOCK TABLES `datedim` WRITE;
/*!40000 ALTER TABLE `datedim` DISABLE KEYS */;
INSERT INTO `datedim` VALUES (1,'2010-02-28','February','2010','1'),(2,'2010-03-03','March','2010','1'),(3,'2010-04-01','April','2010','2'),(4,'2010-06-10','June','2010','2'),(5,'2010-08-01','August','2010','3'),(6,'2010-09-01','September','2010','3'),(7,'2010-10-13','October','2010','4'),(1103,'2011-01-01','January','2011','1'),(1104,'2011-01-02','January','2011','1'),(1105,'2011-01-03','January','2011','1'),(1106,'2011-01-04','January','2011','1'),(1107,'2011-01-05','January','2011','1'),(1108,'2011-01-06','January','2011','1'),(1109,'2011-01-07','January','2011','1'),(1110,'2011-01-08','January','2011','1'),(1111,'2011-01-09','January','2011','1'),(1112,'2011-01-10','January','2011','1'),(1113,'2011-01-11','January','2011','1'),(1114,'2011-01-12','January','2011','1'),(1115,'2011-01-13','January','2011','1'),(1116,'2011-01-14','January','2011','1'),(1117,'2011-01-15','January','2011','1'),(1118,'2011-01-16','January','2011','1'),(1119,'2011-01-17','January','2011','1'),(1120,'2011-01-18','January','2011','1'),(1121,'2011-01-19','January','2011','1'),(1122,'2011-01-20','January','2011','1'),(1123,'2011-01-21','January','2011','1'),(1124,'2011-01-22','January','2011','1'),(1125,'2011-01-23','January','2011','1'),(1126,'2011-01-24','January','2011','1'),(1127,'2011-01-25','January','2011','1'),(1128,'2011-01-26','January','2011','1'),(1129,'2011-01-27','January','2011','1'),(1130,'2011-01-28','January','2011','1'),(1131,'2011-01-29','January','2011','1'),(1132,'2011-01-30','January','2011','1'),(1133,'2011-01-31','January','2011','1'),(1134,'2011-02-01','February','2011','1'),(1135,'2011-02-02','February','2011','1'),(1136,'2011-02-03','February','2011','1'),(1137,'2011-02-04','February','2011','1'),(1138,'2011-02-05','February','2011','1'),(1139,'2011-02-06','February','2011','1'),(1140,'2011-02-07','February','2011','1'),(1141,'2011-02-08','February','2011','1'),(1142,'2011-02-09','February','2011','1'),(1143,'2011-02-10','February','2011','1'),(1144,'2011-02-11','February','2011','1'),(1145,'2011-02-12','February','2011','1'),(1146,'2011-02-13','February','2011','1'),(1147,'2011-02-14','February','2011','1'),(1148,'2011-02-15','February','2011','1'),(1149,'2011-02-16','February','2011','1'),(1150,'2011-02-17','February','2011','1'),(1151,'2011-02-18','February','2011','1'),(1152,'2011-02-19','February','2011','1'),(1153,'2011-02-20','February','2011','1'),(1154,'2011-02-21','February','2011','1'),(1155,'2011-02-22','February','2011','1'),(1156,'2011-02-23','February','2011','1'),(1157,'2011-02-24','February','2011','1'),(1158,'2011-02-25','February','2011','1'),(1159,'2011-02-26','February','2011','1'),(1160,'2011-02-27','February','2011','1'),(1161,'2011-02-28','February','2011','1'),(1162,'2011-03-01','March','2011','1'),(1163,'2011-03-02','March','2011','1'),(1164,'2011-03-03','March','2011','1'),(1165,'2011-03-04','March','2011','1'),(1166,'2011-03-05','March','2011','1'),(1167,'2011-03-06','March','2011','1'),(1168,'2011-03-07','March','2011','1'),(1169,'2011-03-08','March','2011','1'),(1170,'2011-03-09','March','2011','1'),(1171,'2011-03-10','March','2011','1'),(1172,'2011-03-11','March','2011','1'),(1173,'2011-03-12','March','2011','1'),(1174,'2011-03-13','March','2011','1'),(1175,'2011-03-14','March','2011','1'),(1176,'2011-03-15','March','2011','1'),(1177,'2011-03-16','March','2011','1'),(1178,'2011-03-17','March','2011','1'),(1179,'2011-03-18','March','2011','1'),(1180,'2011-03-19','March','2011','1'),(1181,'2011-03-20','March','2011','1'),(1182,'2011-03-21','March','2011','1'),(1183,'2011-03-22','March','2011','1'),(1184,'2011-03-23','March','2011','1'),(1185,'2011-03-24','March','2011','1'),(1186,'2011-03-25','March','2011','1'),(1187,'2011-03-26','March','2011','1'),(1188,'2011-03-27','March','2011','1'),(1189,'2011-03-28','March','2011','1'),(1190,'2011-03-29','March','2011','1'),(1191,'2011-03-30','March','2011','1'),(1192,'2011-03-31','March','2011','1'),(1193,'2011-04-01','April','2011','2'),(1194,'2011-04-02','April','2011','2'),(1195,'2011-04-03','April','2011','2'),(1196,'2011-04-04','April','2011','2'),(1197,'2011-04-05','April','2011','2'),(1198,'2011-04-06','April','2011','2'),(1199,'2011-04-07','April','2011','2'),(1200,'2011-04-08','April','2011','2'),(1201,'2011-04-09','April','2011','2'),(1202,'2011-04-10','April','2011','2'),(1203,'2011-04-11','April','2011','2'),(1204,'2011-04-12','April','2011','2'),(1205,'2011-04-13','April','2011','2'),(1206,'2011-04-14','April','2011','2'),(1207,'2011-04-15','April','2011','2'),(1208,'2011-04-16','April','2011','2'),(1209,'2011-04-17','April','2011','2'),(1210,'2011-04-18','April','2011','2'),(1211,'2011-04-19','April','2011','2'),(1212,'2011-04-20','April','2011','2'),(1213,'2011-04-21','April','2011','2'),(1214,'2011-04-22','April','2011','2'),(1215,'2011-04-23','April','2011','2'),(1216,'2011-04-24','April','2011','2'),(1217,'2011-04-25','April','2011','2'),(1218,'2011-04-26','April','2011','2'),(1219,'2011-04-27','April','2011','2'),(1220,'2011-04-28','April','2011','2'),(1221,'2011-04-29','April','2011','2'),(1222,'2011-04-30','April','2011','2'),(1223,'2011-05-01','May','2011','2'),(1224,'2011-05-02','May','2011','2'),(1225,'2011-05-03','May','2011','2'),(1226,'2011-05-04','May','2011','2'),(1227,'2011-05-05','May','2011','2'),(1228,'2011-05-06','May','2011','2'),(1229,'2011-05-07','May','2011','2'),(1230,'2011-05-08','May','2011','2'),(1231,'2011-05-09','May','2011','2'),(1232,'2011-05-10','May','2011','2'),(1233,'2011-05-11','May','2011','2'),(1234,'2011-05-12','May','2011','2'),(1235,'2011-05-13','May','2011','2'),(1236,'2011-05-14','May','2011','2'),(1237,'2011-05-15','May','2011','2'),(1238,'2011-05-16','May','2011','2'),(1239,'2011-05-17','May','2011','2'),(1240,'2011-05-18','May','2011','2'),(1241,'2011-05-19','May','2011','2'),(1242,'2011-05-20','May','2011','2'),(1243,'2011-05-21','May','2011','2'),(1244,'2011-05-22','May','2011','2'),(1245,'2011-05-23','May','2011','2'),(1246,'2011-05-24','May','2011','2'),(1247,'2011-05-25','May','2011','2'),(1248,'2011-05-26','May','2011','2'),(1249,'2011-05-27','May','2011','2'),(1250,'2011-05-28','May','2011','2'),(1251,'2011-05-29','May','2011','2'),(1252,'2011-05-30','May','2011','2'),(1253,'2011-05-31','May','2011','2'),(1254,'2011-06-01','June','2011','2'),(1255,'2011-06-02','June','2011','2'),(1256,'2011-06-03','June','2011','2'),(1257,'2011-06-04','June','2011','2'),(1258,'2011-06-05','June','2011','2'),(1259,'2011-06-06','June','2011','2'),(1260,'2011-06-07','June','2011','2'),(1261,'2011-06-08','June','2011','2'),(1262,'2011-06-09','June','2011','2'),(1263,'2011-06-10','June','2011','2'),(1264,'2011-06-11','June','2011','2'),(1265,'2011-06-12','June','2011','2'),(1266,'2011-06-13','June','2011','2'),(1267,'2011-06-14','June','2011','2'),(1268,'2011-06-15','June','2011','2'),(1269,'2011-06-16','June','2011','2'),(1270,'2011-06-17','June','2011','2'),(1271,'2011-06-18','June','2011','2'),(1272,'2011-06-19','June','2011','2'),(1273,'2011-06-20','June','2011','2'),(1274,'2011-06-21','June','2011','2'),(1275,'2011-06-22','June','2011','2'),(1276,'2011-06-23','June','2011','2'),(1277,'2011-06-24','June','2011','2'),(1278,'2011-06-25','June','2011','2'),(1279,'2011-06-26','June','2011','2'),(1280,'2011-06-27','June','2011','2'),(1281,'2011-06-28','June','2011','2'),(1282,'2011-06-29','June','2011','2'),(1283,'2011-06-30','June','2011','2'),(1284,'2011-07-01','July','2011','3'),(1285,'2011-07-02','July','2011','3'),(1286,'2011-07-03','July','2011','3'),(1287,'2011-07-04','July','2011','3'),(1288,'2011-07-05','July','2011','3'),(1289,'2011-07-06','July','2011','3'),(1290,'2011-07-07','July','2011','3'),(1291,'2011-07-08','July','2011','3'),(1292,'2011-07-09','July','2011','3'),(1293,'2011-07-10','July','2011','3'),(1294,'2011-07-11','July','2011','3'),(1295,'2011-07-12','July','2011','3'),(1296,'2011-07-13','July','2011','3'),(1297,'2011-07-14','July','2011','3'),(1298,'2011-07-15','July','2011','3'),(1299,'2011-07-16','July','2011','3'),(1300,'2011-07-17','July','2011','3'),(1301,'2011-07-18','July','2011','3'),(1302,'2011-07-19','July','2011','3'),(1303,'2011-07-20','July','2011','3'),(1304,'2011-07-21','July','2011','3'),(1305,'2011-07-22','July','2011','3'),(1306,'2011-07-23','July','2011','3'),(1307,'2011-07-24','July','2011','3'),(1308,'2011-07-25','July','2011','3'),(1309,'2011-07-26','July','2011','3'),(1310,'2011-07-27','July','2011','3'),(1311,'2011-07-28','July','2011','3'),(1312,'2011-07-29','July','2011','3'),(1313,'2011-07-30','July','2011','3'),(1314,'2011-07-31','July','2011','3'),(1315,'2011-08-01','August','2011','3'),(1316,'2011-08-02','August','2011','3'),(1317,'2011-08-03','August','2011','3'),(1318,'2011-08-04','August','2011','3'),(1319,'2011-08-05','August','2011','3'),(1320,'2011-08-06','August','2011','3'),(1321,'2011-08-07','August','2011','3'),(1322,'2011-08-08','August','2011','3'),(1323,'2011-08-09','August','2011','3'),(1324,'2011-08-10','August','2011','3'),(1325,'2011-08-11','August','2011','3'),(1326,'2011-08-12','August','2011','3'),(1327,'2011-08-13','August','2011','3'),(1328,'2011-08-14','August','2011','3'),(1329,'2011-08-15','August','2011','3'),(1330,'2011-08-16','August','2011','3'),(1331,'2011-08-17','August','2011','3'),(1332,'2011-08-18','August','2011','3'),(1333,'2011-08-19','August','2011','3'),(1334,'2011-08-20','August','2011','3'),(1335,'2011-08-21','August','2011','3'),(1336,'2011-08-22','August','2011','3'),(1337,'2011-08-23','August','2011','3'),(1338,'2011-08-24','August','2011','3'),(1339,'2011-08-25','August','2011','3'),(1340,'2011-08-26','August','2011','3'),(1341,'2011-08-27','August','2011','3'),(1342,'2011-08-28','August','2011','3'),(1343,'2011-08-29','August','2011','3'),(1344,'2011-08-30','August','2011','3'),(1345,'2011-08-31','August','2011','3'),(1346,'2011-09-01','September','2011','3'),(1347,'2011-09-02','September','2011','3'),(1348,'2011-09-03','September','2011','3'),(1349,'2011-09-04','September','2011','3'),(1350,'2011-09-05','September','2011','3'),(1351,'2011-09-06','September','2011','3'),(1352,'2011-09-07','September','2011','3'),(1353,'2011-09-08','September','2011','3'),(1354,'2011-09-09','September','2011','3'),(1355,'2011-09-10','September','2011','3'),(1356,'2011-09-11','September','2011','3'),(1357,'2011-09-12','September','2011','3'),(1358,'2011-09-13','September','2011','3'),(1359,'2011-09-14','September','2011','3'),(1360,'2011-09-15','September','2011','3'),(1361,'2011-09-16','September','2011','3'),(1362,'2011-09-17','September','2011','3'),(1363,'2011-09-18','September','2011','3'),(1364,'2011-09-19','September','2011','3'),(1365,'2011-09-20','September','2011','3'),(1366,'2011-09-21','September','2011','3'),(1367,'2011-09-22','September','2011','3'),(1368,'2011-09-23','September','2011','3'),(1369,'2011-09-24','September','2011','3'),(1370,'2011-09-25','September','2011','3'),(1371,'2011-09-26','September','2011','3'),(1372,'2011-09-27','September','2011','3'),(1373,'2011-09-28','September','2011','3'),(1374,'2011-09-29','September','2011','3'),(1375,'2011-09-30','September','2011','3'),(1376,'2011-10-01','October','2011','4'),(1377,'2011-10-02','October','2011','4'),(1378,'2011-10-03','October','2011','4'),(1379,'2011-10-04','October','2011','4'),(1380,'2011-10-05','October','2011','4'),(1381,'2011-10-06','October','2011','4'),(1382,'2011-10-07','October','2011','4'),(1383,'2011-10-08','October','2011','4'),(1384,'2011-10-09','October','2011','4'),(1385,'2011-10-10','October','2011','4'),(1386,'2011-10-11','October','2011','4'),(1387,'2011-10-12','October','2011','4'),(1388,'2011-10-13','October','2011','4'),(1389,'2011-10-14','October','2011','4'),(1390,'2011-10-15','October','2011','4'),(1391,'2011-10-16','October','2011','4'),(1392,'2011-10-17','October','2011','4'),(1393,'2011-10-18','October','2011','4'),(1394,'2011-10-19','October','2011','4'),(1395,'2011-10-20','October','2011','4'),(1396,'2011-10-21','October','2011','4'),(1397,'2011-10-22','October','2011','4'),(1398,'2011-10-23','October','2011','4'),(1399,'2011-10-24','October','2011','4'),(1400,'2011-10-25','October','2011','4'),(1401,'2011-10-26','October','2011','4'),(1402,'2011-10-27','October','2011','4'),(1403,'2011-10-28','October','2011','4'),(1404,'2011-10-29','October','2011','4'),(1405,'2011-10-30','October','2011','4'),(1406,'2011-10-31','October','2011','4'),(1407,'2011-11-01','November','2011','4'),(1408,'2011-11-02','November','2011','4'),(1409,'2011-11-03','November','2011','4'),(1410,'2011-11-04','November','2011','4'),(1411,'2011-11-05','November','2011','4'),(1412,'2011-11-06','November','2011','4'),(1413,'2011-11-07','November','2011','4'),(1414,'2011-11-08','November','2011','4'),(1415,'2011-11-09','November','2011','4'),(1416,'2011-11-10','November','2011','4'),(1417,'2011-11-11','November','2011','4'),(1418,'2011-11-12','November','2011','4'),(1419,'2011-11-13','November','2011','4'),(1420,'2011-11-14','November','2011','4'),(1421,'2011-11-15','November','2011','4'),(1422,'2011-11-16','November','2011','4'),(1423,'2011-11-17','November','2011','4'),(1424,'2011-11-18','November','2011','4'),(1425,'2011-11-19','November','2011','4'),(1426,'2011-11-20','November','2011','4'),(1427,'2011-11-21','November','2011','4'),(1428,'2011-11-22','November','2011','4'),(1429,'2011-11-23','November','2011','4'),(1430,'2011-11-24','November','2011','4'),(1431,'2011-11-25','November','2011','4'),(1432,'2011-11-26','November','2011','4'),(1433,'2011-11-27','November','2011','4'),(1434,'2011-11-28','November','2011','4'),(1435,'2011-11-29','November','2011','4'),(1436,'2011-11-30','November','2011','4'),(1437,'2011-12-01','December','2011','4'),(1438,'2011-12-02','December','2011','4'),(1439,'2011-12-03','December','2011','4'),(1440,'2011-12-04','December','2011','4'),(1441,'2011-12-05','December','2011','4'),(1442,'2011-12-06','December','2011','4'),(1443,'2011-12-07','December','2011','4'),(1444,'2011-12-08','December','2011','4'),(1445,'2011-12-09','December','2011','4'),(1446,'2011-12-10','December','2011','4'),(1447,'2011-12-11','December','2011','4'),(1448,'2011-12-12','December','2011','4'),(1449,'2011-12-13','December','2011','4'),(1450,'2011-12-14','December','2011','4'),(1451,'2011-12-15','December','2011','4'),(1452,'2011-12-16','December','2011','4'),(1453,'2011-12-17','December','2011','4'),(1454,'2011-12-18','December','2011','4'),(1455,'2011-12-19','December','2011','4'),(1456,'2011-12-20','December','2011','4'),(1457,'2011-12-21','December','2011','4'),(1458,'2011-12-22','December','2011','4'),(1459,'2011-12-23','December','2011','4'),(1460,'2011-12-24','December','2011','4'),(1461,'2011-12-25','December','2011','4'),(1462,'2011-12-26','December','2011','4'),(1463,'2011-12-27','December','2011','4'),(1464,'2011-12-28','December','2011','4'),(1465,'2011-12-29','December','2011','4'),(1466,'2011-12-30','December','2011','4'),(1467,'2011-12-31','December','2011','4');
/*!40000 ALTER TABLE `datedim` ENABLE KEYS */;
UNLOCK TABLES;

--
-- Table structure for table `earningsfact`
--

DROP TABLE IF EXISTS `earningsfact`;
/*!40101 SET @saved_cs_client     = @@character_set_client */;
/*!40101 SET character_set_client = utf8 */;
CREATE TABLE `earningsfact` (
  `customerKey` int(11) NOT NULL,
  `dateKey` int(11) NOT NULL,
  `earnings` decimal(10,0) DEFAULT NULL,
  PRIMARY KEY (`customerKey`,`dateKey`),
  KEY `EarningsFact_CustomerDim_FK` (`customerKey`),
  KEY `EarningsFact_DateDim_FK` (`dateKey`),
  CONSTRAINT `EarningsFact_CustomerDim_FK` FOREIGN KEY (`customerKey`) REFERENCES `customerdim` (`customerKey`) ON DELETE NO ACTION ON UPDATE NO ACTION,
  CONSTRAINT `EarningsFact_DateDim_FK` FOREIGN KEY (`dateKey`) REFERENCES `datedim` (`dateKey`) ON DELETE NO ACTION ON UPDATE NO ACTION
) ENGINE=InnoDB DEFAULT CHARSET=utf8;
/*!40101 SET character_set_client = @saved_cs_client */;

--
-- Dumping data for table `earningsfact`
--

LOCK TABLES `earningsfact` WRITE;
/*!40000 ALTER TABLE `earningsfact` DISABLE KEYS */;
INSERT INTO `earningsfact` VALUES (1,4,51),(1,6,229),(1,1263,51),(1,1346,229),(2,2,211),(2,4,66),(2,6,21),(2,1164,211),(2,1263,66),(2,1346,21),(3,2,181),(3,7,148),(3,1164,181),(3,1388,148),(4,3,116),(4,6,385),(4,1193,116),(4,1346,385),(5,1,23),(5,2,306),(5,1161,23),(5,1164,306),(6,1,230),(6,2,177),(6,6,268),(6,7,190),(6,1161,230),(6,1164,177),(6,1346,268),(6,1388,190),(7,3,114),(7,1193,114),(8,7,295),(8,1388,295),(9,1,369),(9,4,70),(9,6,141),(9,1161,369),(9,1263,70),(9,1346,141),(10,1,370),(10,6,345),(10,1161,370),(10,1346,345),(11,4,332),(11,5,338),(11,1263,332),(11,1315,338),(12,4,43),(12,5,302),(12,1263,43),(12,1315,302),(13,1,323),(13,7,348),(13,1161,323),(13,1388,348),(14,1,343),(14,2,472),(14,5,96),(14,1161,343),(14,1164,472),(14,1315,96),(15,2,89),(15,7,63),(15,1164,89),(15,1388,63),(16,2,46),(16,4,528),(16,6,387),(16,1164,46),(16,1263,528),(16,1346,387),(17,2,635),(17,6,343),(17,1164,635),(17,1346,343),(18,1,329),(18,2,777),(18,3,245),(18,7,268),(18,1161,329),(18,1164,777),(18,1193,245),(18,1388,268),(19,1,550),(19,2,528),(19,3,347),(19,4,96),(19,5,118),(19,1161,550),(19,1164,528),(19,1193,347),(19,1263,96),(19,1315,118),(20,2,269),(20,3,367),(20,4,328),(20,1164,269),(20,1193,367),(20,1263,328),(21,1,191),(21,2,98),(21,4,186),(21,1161,191),(21,1164,98),(21,1263,186),(22,2,329),(22,1164,329),(23,1,114),(23,3,372),(23,4,229),(23,7,373),(23,1161,114),(23,1193,372),(23,1263,229),(23,1388,373),(24,1,363),(24,2,728),(24,6,121),(24,7,323),(24,1161,363),(24,1164,728),(24,1346,121),(24,1388,323),(25,1,345),(25,2,260),(25,4,315),(25,1161,345),(25,1164,260),(25,1263,315),(26,1,245),(26,2,522),(26,5,27),(26,1161,245),(26,1164,522),(26,1315,27),(27,2,754),(27,3,273),(27,4,337),(27,5,265),(27,6,258),(27,1164,754),(27,1193,273),(27,1263,337),(27,1315,265),(27,1346,258),(28,7,383),(28,1388,383),(29,1,325),(29,2,797),(29,3,299),(29,5,244),(29,1161,325),(29,1164,797),(29,1193,299),(29,1315,244),(30,1263,51),(30,1346,229);
/*!40000 ALTER TABLE `earningsfact` ENABLE KEYS */;
UNLOCK TABLES;
/*!40103 SET TIME_ZONE=@OLD_TIME_ZONE */;

/*!40101 SET SQL_MODE=@OLD_SQL_MODE */;
/*!40014 SET FOREIGN_KEY_CHECKS=@OLD_FOREIGN_KEY_CHECKS */;
/*!40014 SET UNIQUE_CHECKS=@OLD_UNIQUE_CHECKS */;
/*!40101 SET CHARACTER_SET_CLIENT=@OLD_CHARACTER_SET_CLIENT */;
/*!40101 SET CHARACTER_SET_RESULTS=@OLD_CHARACTER_SET_RESULTS */;
/*!40101 SET COLLATION_CONNECTION=@OLD_COLLATION_CONNECTION */;
/*!40111 SET SQL_NOTES=@OLD_SQL_NOTES */;

-- Dump completed on 2012-02-02 12:17:14
