salesDate_sk,salesDate,month,year
0,null,null,null
10105,1/1/05,1,5
10205,1/2/05,1,5
10305,1/3/05,1,5
10405,1/4/05,1,5
10505,1/5/05,1,5
10605,1/6/05,1,5
10705,1/7/05,1,5
10805,1/8/05,1,5
10905,1/9/05,1,5
11005,1/10/05,1,5
11105,1/11/05,1,5
11205,1/12/05,1,5
11305,1/13/05,1,5
11405,1/14/05,1,5
11505,1/15/05,1,5
11605,1/16/05,1,5
11705,1/17/05,1,5
11805,1/18/05,1,5
11905,1/19/05,1,5
12005,1/20/05,1,5
12105,1/21/05,1,5
12205,1/22/05,1,5
12305,1/23/05,1,5
12405,1/24/05,1,5
12505,1/25/05,1,5
12605,1/26/05,1,5
12705,1/27/05,1,5
12805,1/28/05,1,5
12905,1/29/05,1,5
13005,1/30/05,1,5
13105,1/31/05,1,5
20105,2/1/05,2,5
20205,2/2/05,2,5
20305,2/3/05,2,5
20405,2/4/05,2,5
20505,2/5/05,2,5
20605,2/6/05,2,5
20705,2/7/05,2,5
20805,2/8/05,2,5
20905,2/9/05,2,5
21005,2/10/05,2,5
21105,2/11/05,2,5
21205,2/12/05,2,5
21305,2/13/05,2,5
21405,2/14/05,2,5
21505,2/15/05,2,5
21605,2/16/05,2,5
21705,2/17/05,2,5
21805,2/18/05,2,5
21905,2/19/05,2,5
22005,2/20/05,2,5
22105,2/21/05,2,5
22205,2/22/05,2,5
22305,2/23/05,2,5
22405,2/24/05,2,5
22505,2/25/05,2,5
22605,2/26/05,2,5
22705,2/27/05,2,5
22805,2/28/05,2,5
30105,3/1/05,3,5
30205,3/2/05,3,5
30305,3/3/05,3,5
30405,3/4/05,3,5
30505,3/5/05,3,5
30605,3/6/05,3,5
30705,3/7/05,3,5
30805,3/8/05,3,5
30905,3/9/05,3,5
31005,3/10/05,3,5
31105,3/11/05,3,5
31205,3/12/05,3,5
31305,3/13/05,3,5
31405,3/14/05,3,5
31505,3/15/05,3,5
31605,3/16/05,3,5
31705,3/17/05,3,5
31805,3/18/05,3,5
31905,3/19/05,3,5
32005,3/20/05,3,5
32105,3/21/05,3,5
32205,3/22/05,3,5
32305,3/23/05,3,5
32405,3/24/05,3,5
32505,3/25/05,3,5
32605,3/26/05,3,5
32705,3/27/05,3,5
32805,3/28/05,3,5
32905,3/29/05,3,5
33005,3/30/05,3,5
33105,3/31/05,3,5
40105,4/1/05,4,5
40205,4/2/05,4,5
40305,4/3/05,4,5
40405,4/4/05,4,5
40505,4/5/05,4,5
40605,4/6/05,4,5
40705,4/7/05,4,5
40805,4/8/05,4,5
40905,4/9/05,4,5
41005,4/10/05,4,5
41105,4/11/05,4,5
41205,4/12/05,4,5
41305,4/13/05,4,5
41405,4/14/05,4,5
41505,4/15/05,4,5
41605,4/16/05,4,5
41705,4/17/05,4,5
41805,4/18/05,4,5
41905,4/19/05,4,5
42005,4/20/05,4,5
42105,4/21/05,4,5
42205,4/22/05,4,5
42305,4/23/05,4,5
42405,4/24/05,4,5
42505,4/25/05,4,5
42605,4/26/05,4,5
42705,4/27/05,4,5
42805,4/28/05,4,5
42905,4/29/05,4,5
43005,4/30/05,4,5
50105,5/1/05,5,5
50205,5/2/05,5,5
50305,5/3/05,5,5
50405,5/4/05,5,5
50505,5/5/05,5,5
50605,5/6/05,5,5
50705,5/7/05,5,5
50805,5/8/05,5,5
50905,5/9/05,5,5
51005,5/10/05,5,5
51105,5/11/05,5,5
51205,5/12/05,5,5
51305,5/13/05,5,5
51405,5/14/05,5,5
51505,5/15/05,5,5
51605,5/16/05,5,5
51705,5/17/05,5,5
51805,5/18/05,5,5
51905,5/19/05,5,5
52005,5/20/05,5,5
52105,5/21/05,5,5
52205,5/22/05,5,5
52305,5/23/05,5,5
52405,5/24/05,5,5
52505,5/25/05,5,5
52605,5/26/05,5,5
52705,5/27/05,5,5
52805,5/28/05,5,5
52905,5/29/05,5,5
53005,5/30/05,5,5
53105,5/31/05,5,5
60105,6/1/05,6,5
60205,6/2/05,6,5
60305,6/3/05,6,5
60405,6/4/05,6,5
60505,6/5/05,6,5
60605,6/6/05,6,5
60705,6/7/05,6,5
60805,6/8/05,6,5
60905,6/9/05,6,5
61005,6/10/05,6,5
61105,6/11/05,6,5
61205,6/12/05,6,5
61305,6/13/05,6,5
61405,6/14/05,6,5
61505,6/15/05,6,5
61605,6/16/05,6,5
61705,6/17/05,6,5
61805,6/18/05,6,5
61905,6/19/05,6,5
62005,6/20/05,6,5
62105,6/21/05,6,5
62205,6/22/05,6,5
62305,6/23/05,6,5
62405,6/24/05,6,5
62505,6/25/05,6,5
62605,6/26/05,6,5
62705,6/27/05,6,5
62805,6/28/05,6,5
62905,6/29/05,6,5
63005,6/30/05,6,5
70105,7/1/05,7,5
70205,7/2/05,7,5
70305,7/3/05,7,5
70405,7/4/05,7,5
70505,7/5/05,7,5
70605,7/6/05,7,5
70705,7/7/05,7,5
70805,7/8/05,7,5
70905,7/9/05,7,5
71005,7/10/05,7,5
71105,7/11/05,7,5
71205,7/12/05,7,5
71305,7/13/05,7,5
71405,7/14/05,7,5
71505,7/15/05,7,5
71605,7/16/05,7,5
71705,7/17/05,7,5
71805,7/18/05,7,5
71905,7/19/05,7,5
72005,7/20/05,7,5
72105,7/21/05,7,5
72205,7/22/05,7,5
72305,7/23/05,7,5
72405,7/24/05,7,5
72505,7/25/05,7,5
72605,7/26/05,7,5
72705,7/27/05,7,5
72805,7/28/05,7,5
72905,7/29/05,7,5
73005,7/30/05,7,5
73105,7/31/05,7,5
80105,8/1/05,8,5
80205,8/2/05,8,5
80305,8/3/05,8,5
80405,8/4/05,8,5
80505,8/5/05,8,5
80605,8/6/05,8,5
80705,8/7/05,8,5
80805,8/8/05,8,5
80905,8/9/05,8,5
81005,8/10/05,8,5
81105,8/11/05,8,5
81205,8/12/05,8,5
81305,8/13/05,8,5
81405,8/14/05,8,5
81505,8/15/05,8,5
81605,8/16/05,8,5
81705,8/17/05,8,5
81805,8/18/05,8,5
81905,8/19/05,8,5
82005,8/20/05,8,5
82105,8/21/05,8,5
82205,8/22/05,8,5
82305,8/23/05,8,5
82405,8/24/05,8,5
82505,8/25/05,8,5
82605,8/26/05,8,5
82705,8/27/05,8,5
82805,8/28/05,8,5
82905,8/29/05,8,5
83005,8/30/05,8,5
83105,8/31/05,8,5
90105,9/1/05,9,5
90205,9/2/05,9,5
90305,9/3/05,9,5
90405,9/4/05,9,5
90505,9/5/05,9,5
90605,9/6/05,9,5
90705,9/7/05,9,5
90805,9/8/05,9,5
90905,9/9/05,9,5
91005,9/10/05,9,5
91105,9/11/05,9,5
91205,9/12/05,9,5
91305,9/13/05,9,5
91405,9/14/05,9,5
91505,9/15/05,9,5
91605,9/16/05,9,5
91705,9/17/05,9,5
91805,9/18/05,9,5
91905,9/19/05,9,5
92005,9/20/05,9,5
92105,9/21/05,9,5
92205,9/22/05,9,5
92305,9/23/05,9,5
92405,9/24/05,9,5
92505,9/25/05,9,5
92605,9/26/05,9,5
92705,9/27/05,9,5
92805,9/28/05,9,5
92905,9/29/05,9,5
93005,9/30/05,9,5
100105,10/1/05,10,5
100205,10/2/05,10,5
100305,10/3/05,10,5
100405,10/4/05,10,5
100505,10/5/05,10,5
100605,10/6/05,10,5
100705,10/7/05,10,5
100805,10/8/05,10,5
100905,10/9/05,10,5
101005,10/10/05,10,5
101105,10/11/05,10,5
101205,10/12/05,10,5
101305,10/13/05,10,5
101405,10/14/05,10,5
101505,10/15/05,10,5
101605,10/16/05,10,5
101705,10/17/05,10,5
101805,10/18/05,10,5
101905,10/19/05,10,5
102005,10/20/05,10,5
102105,10/21/05,10,5
102205,10/22/05,10,5
102305,10/23/05,10,5
102405,10/24/05,10,5
102505,10/25/05,10,5
102605,10/26/05,10,5
102705,10/27/05,10,5
102805,10/28/05,10,5
102905,10/29/05,10,5
103005,10/30/05,10,5
103105,10/31/05,10,5
110105,11/1/05,11,5
110205,11/2/05,11,5
110305,11/3/05,11,5
110405,11/4/05,11,5
110505,11/5/05,11,5
110605,11/6/05,11,5
110705,11/7/05,11,5
110805,11/8/05,11,5
110905,11/9/05,11,5
111005,11/10/05,11,5
111105,11/11/05,11,5
111205,11/12/05,11,5
111305,11/13/05,11,5
111405,11/14/05,11,5
111505,11/15/05,11,5
111605,11/16/05,11,5
111705,11/17/05,11,5
111805,11/18/05,11,5
111905,11/19/05,11,5
112005,11/20/05,11,5
112105,11/21/05,11,5
112205,11/22/05,11,5
112305,11/23/05,11,5
112405,11/24/05,11,5
112505,11/25/05,11,5
112605,11/26/05,11,5
112705,11/27/05,11,5
112805,11/28/05,11,5
112905,11/29/05,11,5
113005,11/30/05,11,5
120105,12/1/05,12,5
120205,12/2/05,12,5
120305,12/3/05,12,5
120405,12/4/05,12,5
120505,12/5/05,12,5
120605,12/6/05,12,5
120705,12/7/05,12,5
120805,12/8/05,12,5
120905,12/9/05,12,5
121005,12/10/05,12,5
121105,12/11/05,12,5
121205,12/12/05,12,5
121305,12/13/05,12,5
121405,12/14/05,12,5
121505,12/15/05,12,5
121605,12/16/05,12,5
121705,12/17/05,12,5
121805,12/18/05,12,5
121905,12/19/05,12,5
122005,12/20/05,12,5
122105,12/21/05,12,5
122205,12/22/05,12,5
122305,12/23/05,12,5
122405,12/24/05,12,5
122505,12/25/05,12,5
122605,12/26/05,12,5
122705,12/27/05,12,5
122805,12/28/05,12,5
122905,12/29/05,12,5
123005,12/30/05,12,5
123105,12/31/05,12,5
10106,1/1/06,1,6
10206,1/2/06,1,6
10306,1/3/06,1,6
10406,1/4/06,1,6
10506,1/5/06,1,6
10606,1/6/06,1,6
10706,1/7/06,1,6
10806,1/8/06,1,6
10906,1/9/06,1,6
11006,1/10/06,1,6
11106,1/11/06,1,6
11206,1/12/06,1,6
11306,1/13/06,1,6
11406,1/14/06,1,6
11506,1/15/06,1,6
11606,1/16/06,1,6
11706,1/17/06,1,6
11806,1/18/06,1,6
11906,1/19/06,1,6
12006,1/20/06,1,6
12106,1/21/06,1,6
12206,1/22/06,1,6
12306,1/23/06,1,6
12406,1/24/06,1,6
12506,1/25/06,1,6
12606,1/26/06,1,6
12706,1/27/06,1,6
12806,1/28/06,1,6
12906,1/29/06,1,6
13006,1/30/06,1,6
13106,1/31/06,1,6
20106,2/1/06,2,6
20206,2/2/06,2,6
20306,2/3/06,2,6
20406,2/4/06,2,6
20506,2/5/06,2,6
20606,2/6/06,2,6
20706,2/7/06,2,6
20806,2/8/06,2,6
20906,2/9/06,2,6
21006,2/10/06,2,6
21106,2/11/06,2,6
21206,2/12/06,2,6
21306,2/13/06,2,6
21406,2/14/06,2,6
21506,2/15/06,2,6
21606,2/16/06,2,6
21706,2/17/06,2,6
21806,2/18/06,2,6
21906,2/19/06,2,6
22006,2/20/06,2,6
22106,2/21/06,2,6
22206,2/22/06,2,6
22306,2/23/06,2,6
22406,2/24/06,2,6
22506,2/25/06,2,6
22606,2/26/06,2,6
22706,2/27/06,2,6
22806,2/28/06,2,6
30106,3/1/06,3,6
30206,3/2/06,3,6
30306,3/3/06,3,6
30406,3/4/06,3,6
30506,3/5/06,3,6
30606,3/6/06,3,6
30706,3/7/06,3,6
30806,3/8/06,3,6
30906,3/9/06,3,6
31006,3/10/06,3,6
31106,3/11/06,3,6
31206,3/12/06,3,6
31306,3/13/06,3,6
31406,3/14/06,3,6
31506,3/15/06,3,6
31606,3/16/06,3,6
31706,3/17/06,3,6
31806,3/18/06,3,6
31906,3/19/06,3,6
32006,3/20/06,3,6
32106,3/21/06,3,6
32206,3/22/06,3,6
32306,3/23/06,3,6
32406,3/24/06,3,6
32506,3/25/06,3,6
32606,3/26/06,3,6
32706,3/27/06,3,6
32806,3/28/06,3,6
32906,3/29/06,3,6
33006,3/30/06,3,6
33106,3/31/06,3,6
40106,4/1/06,4,6
40206,4/2/06,4,6
40306,4/3/06,4,6
40406,4/4/06,4,6
40506,4/5/06,4,6
40606,4/6/06,4,6
40706,4/7/06,4,6
40806,4/8/06,4,6
40906,4/9/06,4,6
41006,4/10/06,4,6
41106,4/11/06,4,6
41206,4/12/06,4,6
41306,4/13/06,4,6
41406,4/14/06,4,6
41506,4/15/06,4,6
41606,4/16/06,4,6
41706,4/17/06,4,6
41806,4/18/06,4,6
41906,4/19/06,4,6
42006,4/20/06,4,6
42106,4/21/06,4,6
42206,4/22/06,4,6
42306,4/23/06,4,6
42406,4/24/06,4,6
42506,4/25/06,4,6
42606,4/26/06,4,6
42706,4/27/06,4,6
42806,4/28/06,4,6
42906,4/29/06,4,6
43006,4/30/06,4,6
50106,5/1/06,5,6
50206,5/2/06,5,6
50306,5/3/06,5,6
50406,5/4/06,5,6
50506,5/5/06,5,6
50606,5/6/06,5,6
50706,5/7/06,5,6
50806,5/8/06,5,6
50906,5/9/06,5,6
51006,5/10/06,5,6
51106,5/11/06,5,6
51206,5/12/06,5,6
51306,5/13/06,5,6
51406,5/14/06,5,6
51506,5/15/06,5,6
51606,5/16/06,5,6
51706,5/17/06,5,6
51806,5/18/06,5,6
51906,5/19/06,5,6
52006,5/20/06,5,6
52106,5/21/06,5,6
52206,5/22/06,5,6
52306,5/23/06,5,6
52406,5/24/06,5,6
52506,5/25/06,5,6
52606,5/26/06,5,6
52706,5/27/06,5,6
52806,5/28/06,5,6
52906,5/29/06,5,6
53006,5/30/06,5,6
53106,5/31/06,5,6
60106,6/1/06,6,6
60206,6/2/06,6,6
60306,6/3/06,6,6
60406,6/4/06,6,6
60506,6/5/06,6,6
60606,6/6/06,6,6
60706,6/7/06,6,6
60806,6/8/06,6,6
60906,6/9/06,6,6
61006,6/10/06,6,6
61106,6/11/06,6,6
61206,6/12/06,6,6
61306,6/13/06,6,6
61406,6/14/06,6,6
61506,6/15/06,6,6
61606,6/16/06,6,6
61706,6/17/06,6,6
61806,6/18/06,6,6
61906,6/19/06,6,6
62006,6/20/06,6,6
62106,6/21/06,6,6
62206,6/22/06,6,6
62306,6/23/06,6,6
62406,6/24/06,6,6
62506,6/25/06,6,6
62606,6/26/06,6,6
62706,6/27/06,6,6
62806,6/28/06,6,6
62906,6/29/06,6,6
63006,6/30/06,6,6
70106,7/1/06,7,6
70206,7/2/06,7,6
70306,7/3/06,7,6
70406,7/4/06,7,6
70506,7/5/06,7,6
70606,7/6/06,7,6
70706,7/7/06,7,6
70806,7/8/06,7,6
70906,7/9/06,7,6
71006,7/10/06,7,6
71106,7/11/06,7,6
71206,7/12/06,7,6
71306,7/13/06,7,6
71406,7/14/06,7,6
71506,7/15/06,7,6
71606,7/16/06,7,6
71706,7/17/06,7,6
71806,7/18/06,7,6
71906,7/19/06,7,6
72006,7/20/06,7,6
72106,7/21/06,7,6
72206,7/22/06,7,6
72306,7/23/06,7,6
72406,7/24/06,7,6
72506,7/25/06,7,6
72606,7/26/06,7,6
72706,7/27/06,7,6
72806,7/28/06,7,6
72906,7/29/06,7,6
73006,7/30/06,7,6
73106,7/31/06,7,6
80106,8/1/06,8,6
80206,8/2/06,8,6
80306,8/3/06,8,6
80406,8/4/06,8,6
80506,8/5/06,8,6
80606,8/6/06,8,6
80706,8/7/06,8,6
80806,8/8/06,8,6
80906,8/9/06,8,6
81006,8/10/06,8,6
81106,8/11/06,8,6
81206,8/12/06,8,6
81306,8/13/06,8,6
81406,8/14/06,8,6
81506,8/15/06,8,6
81606,8/16/06,8,6
81706,8/17/06,8,6
81806,8/18/06,8,6
81906,8/19/06,8,6
82006,8/20/06,8,6
82106,8/21/06,8,6
82206,8/22/06,8,6
82306,8/23/06,8,6
82406,8/24/06,8,6
82506,8/25/06,8,6
82606,8/26/06,8,6
82706,8/27/06,8,6
82806,8/28/06,8,6
82906,8/29/06,8,6
83006,8/30/06,8,6
83106,8/31/06,8,6
90106,9/1/06,9,6
90206,9/2/06,9,6
90306,9/3/06,9,6
90406,9/4/06,9,6
90506,9/5/06,9,6
90606,9/6/06,9,6
90706,9/7/06,9,6
90806,9/8/06,9,6
90906,9/9/06,9,6
91006,9/10/06,9,6
91106,9/11/06,9,6
91206,9/12/06,9,6
91306,9/13/06,9,6
91406,9/14/06,9,6
91506,9/15/06,9,6
91606,9/16/06,9,6
91706,9/17/06,9,6
91806,9/18/06,9,6
91906,9/19/06,9,6
92006,9/20/06,9,6
92106,9/21/06,9,6
92206,9/22/06,9,6
92306,9/23/06,9,6
92406,9/24/06,9,6
92506,9/25/06,9,6
92606,9/26/06,9,6
92706,9/27/06,9,6
92806,9/28/06,9,6
92906,9/29/06,9,6
93006,9/30/06,9,6
100106,10/1/06,10,6
100206,10/2/06,10,6
100306,10/3/06,10,6
100406,10/4/06,10,6
100506,10/5/06,10,6
100606,10/6/06,10,6
100706,10/7/06,10,6
100806,10/8/06,10,6
100906,10/9/06,10,6
101006,10/10/06,10,6
101106,10/11/06,10,6
101206,10/12/06,10,6
101306,10/13/06,10,6
101406,10/14/06,10,6
101506,10/15/06,10,6
101606,10/16/06,10,6
101706,10/17/06,10,6
101806,10/18/06,10,6
101906,10/19/06,10,6
102006,10/20/06,10,6
102106,10/21/06,10,6
102206,10/22/06,10,6
102306,10/23/06,10,6
102406,10/24/06,10,6
102506,10/25/06,10,6
102606,10/26/06,10,6
102706,10/27/06,10,6
102806,10/28/06,10,6
102906,10/29/06,10,6
103006,10/30/06,10,6
103106,10/31/06,10,6
110106,11/1/06,11,6
110206,11/2/06,11,6
110306,11/3/06,11,6
110406,11/4/06,11,6
110506,11/5/06,11,6
110606,11/6/06,11,6
110706,11/7/06,11,6
110806,11/8/06,11,6
110906,11/9/06,11,6
111006,11/10/06,11,6
111106,11/11/06,11,6
111206,11/12/06,11,6
111306,11/13/06,11,6
111406,11/14/06,11,6
111506,11/15/06,11,6
111606,11/16/06,11,6
111706,11/17/06,11,6
111806,11/18/06,11,6
111906,11/19/06,11,6
112006,11/20/06,11,6
112106,11/21/06,11,6
112206,11/22/06,11,6
112306,11/23/06,11,6
112406,11/24/06,11,6
112506,11/25/06,11,6
112606,11/26/06,11,6
112706,11/27/06,11,6
112806,11/28/06,11,6
112906,11/29/06,11,6
113006,11/30/06,11,6
120106,12/1/06,12,6
120206,12/2/06,12,6
120306,12/3/06,12,6
120406,12/4/06,12,6
120506,12/5/06,12,6
120606,12/6/06,12,6
120706,12/7/06,12,6
120806,12/8/06,12,6
120906,12/9/06,12,6
121006,12/10/06,12,6
121106,12/11/06,12,6
121206,12/12/06,12,6
121306,12/13/06,12,6
121406,12/14/06,12,6
121506,12/15/06,12,6
121606,12/16/06,12,6
121706,12/17/06,12,6
121806,12/18/06,12,6
121906,12/19/06,12,6
122006,12/20/06,12,6
122106,12/21/06,12,6
122206,12/22/06,12,6
122306,12/23/06,12,6
122406,12/24/06,12,6
122506,12/25/06,12,6
122606,12/26/06,12,6
122706,12/27/06,12,6
122806,12/28/06,12,6
122906,12/29/06,12,6
123006,12/30/06,12,6
123106,12/31/06,12,6
10107,1/1/07,1,7
10207,1/2/07,1,7
10307,1/3/07,1,7
10407,1/4/07,1,7
10507,1/5/07,1,7
10607,1/6/07,1,7
10707,1/7/07,1,7
10807,1/8/07,1,7
10907,1/9/07,1,7
11007,1/10/07,1,7
11107,1/11/07,1,7
11207,1/12/07,1,7
11307,1/13/07,1,7
11407,1/14/07,1,7
11507,1/15/07,1,7
11607,1/16/07,1,7
11707,1/17/07,1,7
11807,1/18/07,1,7
11907,1/19/07,1,7
12007,1/20/07,1,7
12107,1/21/07,1,7
12207,1/22/07,1,7
12307,1/23/07,1,7
12407,1/24/07,1,7
12507,1/25/07,1,7
12607,1/26/07,1,7
12707,1/27/07,1,7
12807,1/28/07,1,7
12907,1/29/07,1,7
13007,1/30/07,1,7
13107,1/31/07,1,7
20107,2/1/07,2,7
20207,2/2/07,2,7
20307,2/3/07,2,7
20407,2/4/07,2,7
20507,2/5/07,2,7
20607,2/6/07,2,7
20707,2/7/07,2,7
20807,2/8/07,2,7
20907,2/9/07,2,7
21007,2/10/07,2,7
21107,2/11/07,2,7
21207,2/12/07,2,7
21307,2/13/07,2,7
21407,2/14/07,2,7
21507,2/15/07,2,7
21607,2/16/07,2,7
21707,2/17/07,2,7
21807,2/18/07,2,7
21907,2/19/07,2,7
22007,2/20/07,2,7
22107,2/21/07,2,7
22207,2/22/07,2,7
22307,2/23/07,2,7
22407,2/24/07,2,7
22507,2/25/07,2,7
22607,2/26/07,2,7
22707,2/27/07,2,7
22807,2/28/07,2,7
30107,3/1/07,3,7
30207,3/2/07,3,7
30307,3/3/07,3,7
30407,3/4/07,3,7
30507,3/5/07,3,7
30607,3/6/07,3,7
30707,3/7/07,3,7
30807,3/8/07,3,7
30907,3/9/07,3,7
31007,3/10/07,3,7
31107,3/11/07,3,7
31207,3/12/07,3,7
31307,3/13/07,3,7
31407,3/14/07,3,7
31507,3/15/07,3,7
31607,3/16/07,3,7
31707,3/17/07,3,7
31807,3/18/07,3,7
31907,3/19/07,3,7
32007,3/20/07,3,7
32107,3/21/07,3,7
32207,3/22/07,3,7
32307,3/23/07,3,7
32407,3/24/07,3,7
32507,3/25/07,3,7
32607,3/26/07,3,7
32707,3/27/07,3,7
32807,3/28/07,3,7
32907,3/29/07,3,7
33007,3/30/07,3,7
33107,3/31/07,3,7
40107,4/1/07,4,7
40207,4/2/07,4,7
40307,4/3/07,4,7
40407,4/4/07,4,7
40507,4/5/07,4,7
40607,4/6/07,4,7
40707,4/7/07,4,7
40807,4/8/07,4,7
40907,4/9/07,4,7
41007,4/10/07,4,7
41107,4/11/07,4,7
41207,4/12/07,4,7
41307,4/13/07,4,7
41407,4/14/07,4,7
41507,4/15/07,4,7
41607,4/16/07,4,7
41707,4/17/07,4,7
41807,4/18/07,4,7
41907,4/19/07,4,7
42007,4/20/07,4,7
42107,4/21/07,4,7
42207,4/22/07,4,7
42307,4/23/07,4,7
42407,4/24/07,4,7
42507,4/25/07,4,7
42607,4/26/07,4,7
42707,4/27/07,4,7
42807,4/28/07,4,7
42907,4/29/07,4,7
43007,4/30/07,4,7
50107,5/1/07,5,7
50207,5/2/07,5,7
50307,5/3/07,5,7
50407,5/4/07,5,7
50507,5/5/07,5,7
50607,5/6/07,5,7
50707,5/7/07,5,7
50807,5/8/07,5,7
50907,5/9/07,5,7
51007,5/10/07,5,7
51107,5/11/07,5,7
51207,5/12/07,5,7
51307,5/13/07,5,7
51407,5/14/07,5,7
51507,5/15/07,5,7
51607,5/16/07,5,7
51707,5/17/07,5,7
51807,5/18/07,5,7
51907,5/19/07,5,7
52007,5/20/07,5,7
52107,5/21/07,5,7
52207,5/22/07,5,7
52307,5/23/07,5,7
52407,5/24/07,5,7
52507,5/25/07,5,7
52607,5/26/07,5,7
52707,5/27/07,5,7
52807,5/28/07,5,7
52907,5/29/07,5,7
53007,5/30/07,5,7
53107,5/31/07,5,7
60107,6/1/07,6,7
60207,6/2/07,6,7
60307,6/3/07,6,7
60407,6/4/07,6,7
60507,6/5/07,6,7
60607,6/6/07,6,7
60707,6/7/07,6,7
60807,6/8/07,6,7
60907,6/9/07,6,7
61007,6/10/07,6,7
61107,6/11/07,6,7
61207,6/12/07,6,7
61307,6/13/07,6,7
61407,6/14/07,6,7
61507,6/15/07,6,7
61607,6/16/07,6,7
61707,6/17/07,6,7
61807,6/18/07,6,7
61907,6/19/07,6,7
62007,6/20/07,6,7
62107,6/21/07,6,7
62207,6/22/07,6,7
62307,6/23/07,6,7
62407,6/24/07,6,7
62507,6/25/07,6,7
62607,6/26/07,6,7
62707,6/27/07,6,7
62807,6/28/07,6,7
62907,6/29/07,6,7
63007,6/30/07,6,7
70107,7/1/07,7,7
70207,7/2/07,7,7
70307,7/3/07,7,7
70407,7/4/07,7,7
70507,7/5/07,7,7
70607,7/6/07,7,7
70707,7/7/07,7,7
70807,7/8/07,7,7
70907,7/9/07,7,7
71007,7/10/07,7,7
71107,7/11/07,7,7
71207,7/12/07,7,7
71307,7/13/07,7,7
71407,7/14/07,7,7
71507,7/15/07,7,7
71607,7/16/07,7,7
71707,7/17/07,7,7
71807,7/18/07,7,7
71907,7/19/07,7,7
72007,7/20/07,7,7
72107,7/21/07,7,7
72207,7/22/07,7,7
72307,7/23/07,7,7
72407,7/24/07,7,7
72507,7/25/07,7,7
72607,7/26/07,7,7
72707,7/27/07,7,7
72807,7/28/07,7,7
72907,7/29/07,7,7
73007,7/30/07,7,7
73107,7/31/07,7,7
80107,8/1/07,8,7
80207,8/2/07,8,7
80307,8/3/07,8,7
80407,8/4/07,8,7
80507,8/5/07,8,7
80607,8/6/07,8,7
80707,8/7/07,8,7
80807,8/8/07,8,7
80907,8/9/07,8,7
81007,8/10/07,8,7
81107,8/11/07,8,7
81207,8/12/07,8,7
81307,8/13/07,8,7
81407,8/14/07,8,7
81507,8/15/07,8,7
81607,8/16/07,8,7
81707,8/17/07,8,7
81807,8/18/07,8,7
81907,8/19/07,8,7
82007,8/20/07,8,7
82107,8/21/07,8,7
82207,8/22/07,8,7
82307,8/23/07,8,7
82407,8/24/07,8,7
82507,8/25/07,8,7
82607,8/26/07,8,7
82707,8/27/07,8,7
82807,8/28/07,8,7
82907,8/29/07,8,7
83007,8/30/07,8,7
83107,8/31/07,8,7
90107,9/1/07,9,7
90207,9/2/07,9,7
90307,9/3/07,9,7
90407,9/4/07,9,7
90507,9/5/07,9,7
90607,9/6/07,9,7
90707,9/7/07,9,7
90807,9/8/07,9,7
90907,9/9/07,9,7
91007,9/10/07,9,7
91107,9/11/07,9,7
91207,9/12/07,9,7
91307,9/13/07,9,7
91407,9/14/07,9,7
91507,9/15/07,9,7
91607,9/16/07,9,7
91707,9/17/07,9,7
91807,9/18/07,9,7
91907,9/19/07,9,7
92007,9/20/07,9,7
92107,9/21/07,9,7
92207,9/22/07,9,7
92307,9/23/07,9,7
92407,9/24/07,9,7
92507,9/25/07,9,7
92607,9/26/07,9,7
92707,9/27/07,9,7
92807,9/28/07,9,7
92907,9/29/07,9,7
93007,9/30/07,9,7
100107,10/1/07,10,7
100207,10/2/07,10,7
100307,10/3/07,10,7
100407,10/4/07,10,7
100507,10/5/07,10,7
100607,10/6/07,10,7
100707,10/7/07,10,7
100807,10/8/07,10,7
100907,10/9/07,10,7
101007,10/10/07,10,7
101107,10/11/07,10,7
101207,10/12/07,10,7
101307,10/13/07,10,7
101407,10/14/07,10,7
101507,10/15/07,10,7
101607,10/16/07,10,7
101707,10/17/07,10,7
101807,10/18/07,10,7
101907,10/19/07,10,7
102007,10/20/07,10,7
102107,10/21/07,10,7
102207,10/22/07,10,7
102307,10/23/07,10,7
102407,10/24/07,10,7
102507,10/25/07,10,7
102607,10/26/07,10,7
102707,10/27/07,10,7
102807,10/28/07,10,7
102907,10/29/07,10,7
103007,10/30/07,10,7
103107,10/31/07,10,7
110107,11/1/07,11,7
110207,11/2/07,11,7
110307,11/3/07,11,7
110407,11/4/07,11,7
110507,11/5/07,11,7
110607,11/6/07,11,7
110707,11/7/07,11,7
110807,11/8/07,11,7
110907,11/9/07,11,7
111007,11/10/07,11,7
111107,11/11/07,11,7
111207,11/12/07,11,7
111307,11/13/07,11,7
111407,11/14/07,11,7
111507,11/15/07,11,7
111607,11/16/07,11,7
111707,11/17/07,11,7
111807,11/18/07,11,7
111907,11/19/07,11,7
112007,11/20/07,11,7
112107,11/21/07,11,7
112207,11/22/07,11,7
112307,11/23/07,11,7
112407,11/24/07,11,7
112507,11/25/07,11,7
112607,11/26/07,11,7
112707,11/27/07,11,7
112807,11/28/07,11,7
112907,11/29/07,11,7
113007,11/30/07,11,7
120107,12/1/07,12,7
120207,12/2/07,12,7
120307,12/3/07,12,7
120407,12/4/07,12,7
120507,12/5/07,12,7
120607,12/6/07,12,7
120707,12/7/07,12,7
120807,12/8/07,12,7
120907,12/9/07,12,7
121007,12/10/07,12,7
121107,12/11/07,12,7
121207,12/12/07,12,7
121307,12/13/07,12,7
121407,12/14/07,12,7
121507,12/15/07,12,7
121607,12/16/07,12,7
121707,12/17/07,12,7
121807,12/18/07,12,7
121907,12/19/07,12,7
122007,12/20/07,12,7
122107,12/21/07,12,7
122207,12/22/07,12,7
122307,12/23/07,12,7
122407,12/24/07,12,7
122507,12/25/07,12,7
122607,12/26/07,12,7
122707,12/27/07,12,7
122807,12/28/07,12,7
122907,12/29/07,12,7
123007,12/30/07,12,7
123107,12/31/07,12,7
10108,1/1/08,1,8
10208,1/2/08,1,8
10308,1/3/08,1,8
10408,1/4/08,1,8
10508,1/5/08,1,8
10608,1/6/08,1,8
10708,1/7/08,1,8
10808,1/8/08,1,8
10908,1/9/08,1,8
11008,1/10/08,1,8
11108,1/11/08,1,8
11208,1/12/08,1,8
11308,1/13/08,1,8
11408,1/14/08,1,8
11508,1/15/08,1,8
11608,1/16/08,1,8
11708,1/17/08,1,8
11808,1/18/08,1,8
11908,1/19/08,1,8
12008,1/20/08,1,8
12108,1/21/08,1,8
12208,1/22/08,1,8
12308,1/23/08,1,8
12408,1/24/08,1,8
12508,1/25/08,1,8
12608,1/26/08,1,8
12708,1/27/08,1,8
12808,1/28/08,1,8
12908,1/29/08,1,8
13008,1/30/08,1,8
13108,1/31/08,1,8
20108,2/1/08,2,8
20208,2/2/08,2,8
20308,2/3/08,2,8
20408,2/4/08,2,8
20508,2/5/08,2,8
20608,2/6/08,2,8
20708,2/7/08,2,8
20808,2/8/08,2,8
20908,2/9/08,2,8
21008,2/10/08,2,8
21108,2/11/08,2,8
21208,2/12/08,2,8
21308,2/13/08,2,8
21408,2/14/08,2,8
21508,2/15/08,2,8
21608,2/16/08,2,8
21708,2/17/08,2,8
21808,2/18/08,2,8
21908,2/19/08,2,8
22008,2/20/08,2,8
22108,2/21/08,2,8
22208,2/22/08,2,8
22308,2/23/08,2,8
22408,2/24/08,2,8
22508,2/25/08,2,8
22608,2/26/08,2,8
22708,2/27/08,2,8
22808,2/28/08,2,8
22908,2/29/08,2,8
30108,3/1/08,3,8
30208,3/2/08,3,8
30308,3/3/08,3,8
30408,3/4/08,3,8
30508,3/5/08,3,8
30608,3/6/08,3,8
30708,3/7/08,3,8
30808,3/8/08,3,8
30908,3/9/08,3,8
31008,3/10/08,3,8
31108,3/11/08,3,8
31208,3/12/08,3,8
31308,3/13/08,3,8
31408,3/14/08,3,8
31508,3/15/08,3,8
31608,3/16/08,3,8
31708,3/17/08,3,8
31808,3/18/08,3,8
31908,3/19/08,3,8
32008,3/20/08,3,8
32108,3/21/08,3,8
32208,3/22/08,3,8
32308,3/23/08,3,8
32408,3/24/08,3,8
32508,3/25/08,3,8
32608,3/26/08,3,8
32708,3/27/08,3,8
32808,3/28/08,3,8
32908,3/29/08,3,8
33008,3/30/08,3,8
33108,3/31/08,3,8
40108,4/1/08,4,8
40208,4/2/08,4,8
40308,4/3/08,4,8
40408,4/4/08,4,8
40508,4/5/08,4,8
40608,4/6/08,4,8
40708,4/7/08,4,8
40808,4/8/08,4,8
40908,4/9/08,4,8
41008,4/10/08,4,8
41108,4/11/08,4,8
41208,4/12/08,4,8
41308,4/13/08,4,8
41408,4/14/08,4,8
41508,4/15/08,4,8
41608,4/16/08,4,8
41708,4/17/08,4,8
41808,4/18/08,4,8
41908,4/19/08,4,8
42008,4/20/08,4,8
42108,4/21/08,4,8
42208,4/22/08,4,8
42308,4/23/08,4,8
42408,4/24/08,4,8
42508,4/25/08,4,8
42608,4/26/08,4,8
42708,4/27/08,4,8
42808,4/28/08,4,8
42908,4/29/08,4,8
43008,4/30/08,4,8
50108,5/1/08,5,8
50208,5/2/08,5,8
50308,5/3/08,5,8
50408,5/4/08,5,8
50508,5/5/08,5,8
50608,5/6/08,5,8
50708,5/7/08,5,8
50808,5/8/08,5,8
50908,5/9/08,5,8
51008,5/10/08,5,8
51108,5/11/08,5,8
51208,5/12/08,5,8
51308,5/13/08,5,8
51408,5/14/08,5,8
51508,5/15/08,5,8
51608,5/16/08,5,8
51708,5/17/08,5,8
51808,5/18/08,5,8
51908,5/19/08,5,8
52008,5/20/08,5,8
52108,5/21/08,5,8
52208,5/22/08,5,8
52308,5/23/08,5,8
52408,5/24/08,5,8
52508,5/25/08,5,8
52608,5/26/08,5,8
52708,5/27/08,5,8
52808,5/28/08,5,8
52908,5/29/08,5,8
53008,5/30/08,5,8
53108,5/31/08,5,8
60108,6/1/08,6,8
60208,6/2/08,6,8
60308,6/3/08,6,8
60408,6/4/08,6,8
60508,6/5/08,6,8
60608,6/6/08,6,8
60708,6/7/08,6,8
60808,6/8/08,6,8
60908,6/9/08,6,8
61008,6/10/08,6,8
61108,6/11/08,6,8
61208,6/12/08,6,8
61308,6/13/08,6,8
61408,6/14/08,6,8
61508,6/15/08,6,8
61608,6/16/08,6,8
61708,6/17/08,6,8
61808,6/18/08,6,8
61908,6/19/08,6,8
62008,6/20/08,6,8
62108,6/21/08,6,8
62208,6/22/08,6,8
62308,6/23/08,6,8
62408,6/24/08,6,8
62508,6/25/08,6,8
62608,6/26/08,6,8
62708,6/27/08,6,8
62808,6/28/08,6,8
62908,6/29/08,6,8
63008,6/30/08,6,8
70108,7/1/08,7,8
70208,7/2/08,7,8
70308,7/3/08,7,8
70408,7/4/08,7,8
70508,7/5/08,7,8
70608,7/6/08,7,8
70708,7/7/08,7,8
70808,7/8/08,7,8
70908,7/9/08,7,8
71008,7/10/08,7,8
71108,7/11/08,7,8
71208,7/12/08,7,8
71308,7/13/08,7,8
71408,7/14/08,7,8
71508,7/15/08,7,8
71608,7/16/08,7,8
71708,7/17/08,7,8
71808,7/18/08,7,8
71908,7/19/08,7,8
72008,7/20/08,7,8
72108,7/21/08,7,8
72208,7/22/08,7,8
72308,7/23/08,7,8
72408,7/24/08,7,8
72508,7/25/08,7,8
72608,7/26/08,7,8
72708,7/27/08,7,8
72808,7/28/08,7,8
72908,7/29/08,7,8
73008,7/30/08,7,8
73108,7/31/08,7,8
80108,8/1/08,8,8
80208,8/2/08,8,8
80308,8/3/08,8,8
80408,8/4/08,8,8
80508,8/5/08,8,8
80608,8/6/08,8,8
80708,8/7/08,8,8
80808,8/8/08,8,8
80908,8/9/08,8,8
81008,8/10/08,8,8
81108,8/11/08,8,8
81208,8/12/08,8,8
81308,8/13/08,8,8
81408,8/14/08,8,8
81508,8/15/08,8,8
81608,8/16/08,8,8
81708,8/17/08,8,8
81808,8/18/08,8,8
81908,8/19/08,8,8
82008,8/20/08,8,8
82108,8/21/08,8,8
82208,8/22/08,8,8
82308,8/23/08,8,8
82408,8/24/08,8,8
82508,8/25/08,8,8
82608,8/26/08,8,8
82708,8/27/08,8,8
82808,8/28/08,8,8
82908,8/29/08,8,8
83008,8/30/08,8,8
83108,8/31/08,8,8
90108,9/1/08,9,8
90208,9/2/08,9,8
90308,9/3/08,9,8
90408,9/4/08,9,8
90508,9/5/08,9,8
90608,9/6/08,9,8
90708,9/7/08,9,8
90808,9/8/08,9,8
90908,9/9/08,9,8
91008,9/10/08,9,8
91108,9/11/08,9,8
91208,9/12/08,9,8
91308,9/13/08,9,8
91408,9/14/08,9,8
91508,9/15/08,9,8
91608,9/16/08,9,8
91708,9/17/08,9,8
91808,9/18/08,9,8
91908,9/19/08,9,8
92008,9/20/08,9,8
92108,9/21/08,9,8
92208,9/22/08,9,8
92308,9/23/08,9,8
92408,9/24/08,9,8
92508,9/25/08,9,8
92608,9/26/08,9,8
92708,9/27/08,9,8
92808,9/28/08,9,8
92908,9/29/08,9,8
93008,9/30/08,9,8
100108,10/1/08,10,8
100208,10/2/08,10,8
100308,10/3/08,10,8
100408,10/4/08,10,8
100508,10/5/08,10,8
100608,10/6/08,10,8
100708,10/7/08,10,8
100808,10/8/08,10,8
100908,10/9/08,10,8
101008,10/10/08,10,8
101108,10/11/08,10,8
101208,10/12/08,10,8
101308,10/13/08,10,8
101408,10/14/08,10,8
101508,10/15/08,10,8
101608,10/16/08,10,8
101708,10/17/08,10,8
101808,10/18/08,10,8
101908,10/19/08,10,8
102008,10/20/08,10,8
102108,10/21/08,10,8
102208,10/22/08,10,8
102308,10/23/08,10,8
102408,10/24/08,10,8
102508,10/25/08,10,8
102608,10/26/08,10,8
102708,10/27/08,10,8
102808,10/28/08,10,8
102908,10/29/08,10,8
103008,10/30/08,10,8
103108,10/31/08,10,8
110108,11/1/08,11,8
110208,11/2/08,11,8
110308,11/3/08,11,8
110408,11/4/08,11,8
110508,11/5/08,11,8
110608,11/6/08,11,8
110708,11/7/08,11,8
110808,11/8/08,11,8
110908,11/9/08,11,8
111008,11/10/08,11,8
111108,11/11/08,11,8
111208,11/12/08,11,8
111308,11/13/08,11,8
111408,11/14/08,11,8
111508,11/15/08,11,8
111608,11/16/08,11,8
111708,11/17/08,11,8
111808,11/18/08,11,8
111908,11/19/08,11,8
112008,11/20/08,11,8
112108,11/21/08,11,8
112208,11/22/08,11,8
112308,11/23/08,11,8
112408,11/24/08,11,8
112508,11/25/08,11,8
112608,11/26/08,11,8
112708,11/27/08,11,8
112808,11/28/08,11,8
112908,11/29/08,11,8
113008,11/30/08,11,8
120108,12/1/08,12,8
120208,12/2/08,12,8
120308,12/3/08,12,8
120408,12/4/08,12,8
120508,12/5/08,12,8
120608,12/6/08,12,8
120708,12/7/08,12,8
120808,12/8/08,12,8
120908,12/9/08,12,8
121008,12/10/08,12,8
121108,12/11/08,12,8
121208,12/12/08,12,8
121308,12/13/08,12,8
121408,12/14/08,12,8
121508,12/15/08,12,8
121608,12/16/08,12,8
121708,12/17/08,12,8
121808,12/18/08,12,8
121908,12/19/08,12,8
122008,12/20/08,12,8
122108,12/21/08,12,8
122208,12/22/08,12,8
122308,12/23/08,12,8
122408,12/24/08,12,8
122508,12/25/08,12,8
122608,12/26/08,12,8
122708,12/27/08,12,8
122808,12/28/08,12,8
122908,12/29/08,12,8
123008,12/30/08,12,8
123108,12/31/08,12,8
10109,1/1/09,1,9
10209,1/2/09,1,9
10309,1/3/09,1,9
10409,1/4/09,1,9
10509,1/5/09,1,9
10609,1/6/09,1,9
10709,1/7/09,1,9
10809,1/8/09,1,9
10909,1/9/09,1,9
11009,1/10/09,1,9
11109,1/11/09,1,9
11209,1/12/09,1,9
11309,1/13/09,1,9
11409,1/14/09,1,9
11509,1/15/09,1,9
11609,1/16/09,1,9
11709,1/17/09,1,9
11809,1/18/09,1,9
11909,1/19/09,1,9
12009,1/20/09,1,9
12109,1/21/09,1,9
12209,1/22/09,1,9
12309,1/23/09,1,9
12409,1/24/09,1,9
12509,1/25/09,1,9
12609,1/26/09,1,9
12709,1/27/09,1,9
12809,1/28/09,1,9
12909,1/29/09,1,9
13009,1/30/09,1,9
13109,1/31/09,1,9
20109,2/1/09,2,9
20209,2/2/09,2,9
20309,2/3/09,2,9
20409,2/4/09,2,9
20509,2/5/09,2,9
20609,2/6/09,2,9
20709,2/7/09,2,9
20809,2/8/09,2,9
20909,2/9/09,2,9
21009,2/10/09,2,9
21109,2/11/09,2,9
21209,2/12/09,2,9
21309,2/13/09,2,9
21409,2/14/09,2,9
21509,2/15/09,2,9
21609,2/16/09,2,9
21709,2/17/09,2,9
21809,2/18/09,2,9
21909,2/19/09,2,9
22009,2/20/09,2,9
22109,2/21/09,2,9
22209,2/22/09,2,9
22309,2/23/09,2,9
22409,2/24/09,2,9
22509,2/25/09,2,9
22609,2/26/09,2,9
22709,2/27/09,2,9
22809,2/28/09,2,9
30109,3/1/09,3,9
30209,3/2/09,3,9
30309,3/3/09,3,9
30409,3/4/09,3,9
30509,3/5/09,3,9
30609,3/6/09,3,9
30709,3/7/09,3,9
30809,3/8/09,3,9
30909,3/9/09,3,9
31009,3/10/09,3,9
31109,3/11/09,3,9
31209,3/12/09,3,9
31309,3/13/09,3,9
31409,3/14/09,3,9
31509,3/15/09,3,9
31609,3/16/09,3,9
31709,3/17/09,3,9
31809,3/18/09,3,9
31909,3/19/09,3,9
32009,3/20/09,3,9
32109,3/21/09,3,9
32209,3/22/09,3,9
32309,3/23/09,3,9
32409,3/24/09,3,9
32509,3/25/09,3,9
32609,3/26/09,3,9
32709,3/27/09,3,9
32809,3/28/09,3,9
32909,3/29/09,3,9
33009,3/30/09,3,9
33109,3/31/09,3,9
40109,4/1/09,4,9
40209,4/2/09,4,9
40309,4/3/09,4,9
40409,4/4/09,4,9
40509,4/5/09,4,9
40609,4/6/09,4,9
40709,4/7/09,4,9
40809,4/8/09,4,9
40909,4/9/09,4,9
41009,4/10/09,4,9
41109,4/11/09,4,9
41209,4/12/09,4,9
41309,4/13/09,4,9
41409,4/14/09,4,9
41509,4/15/09,4,9
41609,4/16/09,4,9
41709,4/17/09,4,9
41809,4/18/09,4,9
41909,4/19/09,4,9
42009,4/20/09,4,9
42109,4/21/09,4,9
42209,4/22/09,4,9
42309,4/23/09,4,9
42409,4/24/09,4,9
42509,4/25/09,4,9
42609,4/26/09,4,9
42709,4/27/09,4,9
42809,4/28/09,4,9
42909,4/29/09,4,9
43009,4/30/09,4,9
50109,5/1/09,5,9
50209,5/2/09,5,9
50309,5/3/09,5,9
50409,5/4/09,5,9
50509,5/5/09,5,9
50609,5/6/09,5,9
50709,5/7/09,5,9
50809,5/8/09,5,9
50909,5/9/09,5,9
51009,5/10/09,5,9
51109,5/11/09,5,9
51209,5/12/09,5,9
51309,5/13/09,5,9
51409,5/14/09,5,9
51509,5/15/09,5,9
51609,5/16/09,5,9
51709,5/17/09,5,9
51809,5/18/09,5,9
51909,5/19/09,5,9
52009,5/20/09,5,9
52109,5/21/09,5,9
52209,5/22/09,5,9
52309,5/23/09,5,9
52409,5/24/09,5,9
52509,5/25/09,5,9
52609,5/26/09,5,9
52709,5/27/09,5,9
52809,5/28/09,5,9
52909,5/29/09,5,9
53009,5/30/09,5,9
53109,5/31/09,5,9
60109,6/1/09,6,9
60209,6/2/09,6,9
60309,6/3/09,6,9
60409,6/4/09,6,9
60509,6/5/09,6,9
60609,6/6/09,6,9
60709,6/7/09,6,9
60809,6/8/09,6,9
60909,6/9/09,6,9
61009,6/10/09,6,9
61109,6/11/09,6,9
61209,6/12/09,6,9
61309,6/13/09,6,9
61409,6/14/09,6,9
61509,6/15/09,6,9
61609,6/16/09,6,9
61709,6/17/09,6,9
61809,6/18/09,6,9
61909,6/19/09,6,9
62009,6/20/09,6,9
62109,6/21/09,6,9
62209,6/22/09,6,9
62309,6/23/09,6,9
62409,6/24/09,6,9
62509,6/25/09,6,9
62609,6/26/09,6,9
62709,6/27/09,6,9
62809,6/28/09,6,9
62909,6/29/09,6,9
63009,6/30/09,6,9
70109,7/1/09,7,9
70209,7/2/09,7,9
70309,7/3/09,7,9
70409,7/4/09,7,9
70509,7/5/09,7,9
70609,7/6/09,7,9
70709,7/7/09,7,9
70809,7/8/09,7,9
70909,7/9/09,7,9
71009,7/10/09,7,9
71109,7/11/09,7,9
71209,7/12/09,7,9
71309,7/13/09,7,9
71409,7/14/09,7,9
71509,7/15/09,7,9
71609,7/16/09,7,9
71709,7/17/09,7,9
71809,7/18/09,7,9
71909,7/19/09,7,9
72009,7/20/09,7,9
72109,7/21/09,7,9
72209,7/22/09,7,9
72309,7/23/09,7,9
72409,7/24/09,7,9
72509,7/25/09,7,9
72609,7/26/09,7,9
72709,7/27/09,7,9
72809,7/28/09,7,9
72909,7/29/09,7,9
73009,7/30/09,7,9
73109,7/31/09,7,9
80109,8/1/09,8,9
80209,8/2/09,8,9
80309,8/3/09,8,9
80409,8/4/09,8,9
80509,8/5/09,8,9
80609,8/6/09,8,9
80709,8/7/09,8,9
80809,8/8/09,8,9
80909,8/9/09,8,9
81009,8/10/09,8,9
81109,8/11/09,8,9
81209,8/12/09,8,9
81309,8/13/09,8,9
81409,8/14/09,8,9
81509,8/15/09,8,9
81609,8/16/09,8,9
81709,8/17/09,8,9
81809,8/18/09,8,9
81909,8/19/09,8,9
82009,8/20/09,8,9
82109,8/21/09,8,9
82209,8/22/09,8,9
82309,8/23/09,8,9
82409,8/24/09,8,9
82509,8/25/09,8,9
82609,8/26/09,8,9
82709,8/27/09,8,9
82809,8/28/09,8,9
82909,8/29/09,8,9
83009,8/30/09,8,9
83109,8/31/09,8,9
90109,9/1/09,9,9
90209,9/2/09,9,9
90309,9/3/09,9,9
90409,9/4/09,9,9
90509,9/5/09,9,9
90609,9/6/09,9,9
90709,9/7/09,9,9
90809,9/8/09,9,9
90909,9/9/09,9,9
91009,9/10/09,9,9
91109,9/11/09,9,9
91209,9/12/09,9,9
91309,9/13/09,9,9
91409,9/14/09,9,9
91509,9/15/09,9,9
91609,9/16/09,9,9
91709,9/17/09,9,9
91809,9/18/09,9,9
91909,9/19/09,9,9
92009,9/20/09,9,9
92109,9/21/09,9,9
92209,9/22/09,9,9
92309,9/23/09,9,9
92409,9/24/09,9,9
92509,9/25/09,9,9
92609,9/26/09,9,9
92709,9/27/09,9,9
92809,9/28/09,9,9
92909,9/29/09,9,9
93009,9/30/09,9,9
100109,10/1/09,10,9
100209,10/2/09,10,9
100309,10/3/09,10,9
100409,10/4/09,10,9
100509,10/5/09,10,9
100609,10/6/09,10,9
100709,10/7/09,10,9
100809,10/8/09,10,9
100909,10/9/09,10,9
101009,10/10/09,10,9
101109,10/11/09,10,9
101209,10/12/09,10,9
101309,10/13/09,10,9
101409,10/14/09,10,9
101509,10/15/09,10,9
101609,10/16/09,10,9
101709,10/17/09,10,9
101809,10/18/09,10,9
101909,10/19/09,10,9
102009,10/20/09,10,9
102109,10/21/09,10,9
102209,10/22/09,10,9
102309,10/23/09,10,9
102409,10/24/09,10,9
102509,10/25/09,10,9
102609,10/26/09,10,9
102709,10/27/09,10,9
102809,10/28/09,10,9
102909,10/29/09,10,9
103009,10/30/09,10,9
103109,10/31/09,10,9
110109,11/1/09,11,9
110209,11/2/09,11,9
110309,11/3/09,11,9
110409,11/4/09,11,9
110509,11/5/09,11,9
110609,11/6/09,11,9
110709,11/7/09,11,9
110809,11/8/09,11,9
110909,11/9/09,11,9
111009,11/10/09,11,9
111109,11/11/09,11,9
111209,11/12/09,11,9
111309,11/13/09,11,9
111409,11/14/09,11,9
111509,11/15/09,11,9
111609,11/16/09,11,9
111709,11/17/09,11,9
111809,11/18/09,11,9
111909,11/19/09,11,9
112009,11/20/09,11,9
112109,11/21/09,11,9
112209,11/22/09,11,9
112309,11/23/09,11,9
112409,11/24/09,11,9
112509,11/25/09,11,9
112609,11/26/09,11,9
112709,11/27/09,11,9
112809,11/28/09,11,9
112909,11/29/09,11,9
113009,11/30/09,11,9
120109,12/1/09,12,9
120209,12/2/09,12,9
120309,12/3/09,12,9
120409,12/4/09,12,9
120509,12/5/09,12,9
120609,12/6/09,12,9
120709,12/7/09,12,9
120809,12/8/09,12,9
120909,12/9/09,12,9
121009,12/10/09,12,9
121109,12/11/09,12,9
121209,12/12/09,12,9
121309,12/13/09,12,9
121409,12/14/09,12,9
121509,12/15/09,12,9
121609,12/16/09,12,9
121709,12/17/09,12,9
121809,12/18/09,12,9
121909,12/19/09,12,9
122009,12/20/09,12,9
122109,12/21/09,12,9
122209,12/22/09,12,9
122309,12/23/09,12,9
122409,12/24/09,12,9
122509,12/25/09,12,9
122609,12/26/09,12,9
122709,12/27/09,12,9
122809,12/28/09,12,9
122909,12/29/09,12,9
123009,12/30/09,12,9
123109,12/31/09,12,9
10110,1/1/10,1,10
10210,1/2/10,1,10
10310,1/3/10,1,10
10410,1/4/10,1,10
10510,1/5/10,1,10
10610,1/6/10,1,10
10710,1/7/10,1,10
10810,1/8/10,1,10
10910,1/9/10,1,10
11010,1/10/10,1,10
11110,1/11/10,1,10
11210,1/12/10,1,10
11310,1/13/10,1,10
11410,1/14/10,1,10
11510,1/15/10,1,10
11610,1/16/10,1,10
11710,1/17/10,1,10
11810,1/18/10,1,10
11910,1/19/10,1,10
12010,1/20/10,1,10
12110,1/21/10,1,10
12210,1/22/10,1,10
12310,1/23/10,1,10
12410,1/24/10,1,10
12510,1/25/10,1,10
12610,1/26/10,1,10
12710,1/27/10,1,10
12810,1/28/10,1,10
12910,1/29/10,1,10
13010,1/30/10,1,10
13110,1/31/10,1,10
20110,2/1/10,2,10
20210,2/2/10,2,10
20310,2/3/10,2,10
20410,2/4/10,2,10
20510,2/5/10,2,10
20610,2/6/10,2,10
20710,2/7/10,2,10
20810,2/8/10,2,10
20910,2/9/10,2,10
21010,2/10/10,2,10
21110,2/11/10,2,10
21210,2/12/10,2,10
21310,2/13/10,2,10
21410,2/14/10,2,10
21510,2/15/10,2,10
21610,2/16/10,2,10
21710,2/17/10,2,10
21810,2/18/10,2,10
21910,2/19/10,2,10
22010,2/20/10,2,10
22110,2/21/10,2,10
22210,2/22/10,2,10
22310,2/23/10,2,10
22410,2/24/10,2,10
22510,2/25/10,2,10
22610,2/26/10,2,10
22710,2/27/10,2,10
22810,2/28/10,2,10
30110,3/1/10,3,10
30210,3/2/10,3,10
30310,3/3/10,3,10
30410,3/4/10,3,10
30510,3/5/10,3,10
30610,3/6/10,3,10
30710,3/7/10,3,10
30810,3/8/10,3,10
30910,3/9/10,3,10
31010,3/10/10,3,10
31110,3/11/10,3,10
31210,3/12/10,3,10
31310,3/13/10,3,10
31410,3/14/10,3,10
31510,3/15/10,3,10
31610,3/16/10,3,10
31710,3/17/10,3,10
31810,3/18/10,3,10
31910,3/19/10,3,10
32010,3/20/10,3,10
32110,3/21/10,3,10
32210,3/22/10,3,10
32310,3/23/10,3,10
32410,3/24/10,3,10
32510,3/25/10,3,10
32610,3/26/10,3,10
32710,3/27/10,3,10
32810,3/28/10,3,10
32910,3/29/10,3,10
33010,3/30/10,3,10
33110,3/31/10,3,10
40110,4/1/10,4,10
40210,4/2/10,4,10
40310,4/3/10,4,10
40410,4/4/10,4,10
40510,4/5/10,4,10
40610,4/6/10,4,10
40710,4/7/10,4,10
40810,4/8/10,4,10
40910,4/9/10,4,10
41010,4/10/10,4,10
41110,4/11/10,4,10
41210,4/12/10,4,10
41310,4/13/10,4,10
41410,4/14/10,4,10
41510,4/15/10,4,10
41610,4/16/10,4,10
41710,4/17/10,4,10
41810,4/18/10,4,10
41910,4/19/10,4,10
42010,4/20/10,4,10
42110,4/21/10,4,10
42210,4/22/10,4,10
42310,4/23/10,4,10
42410,4/24/10,4,10
42510,4/25/10,4,10
42610,4/26/10,4,10
42710,4/27/10,4,10
42810,4/28/10,4,10
42910,4/29/10,4,10
43010,4/30/10,4,10
50110,5/1/10,5,10
50210,5/2/10,5,10
50310,5/3/10,5,10
50410,5/4/10,5,10
50510,5/5/10,5,10
50610,5/6/10,5,10
50710,5/7/10,5,10
50810,5/8/10,5,10
50910,5/9/10,5,10
51010,5/10/10,5,10
51110,5/11/10,5,10
51210,5/12/10,5,10
51310,5/13/10,5,10
51410,5/14/10,5,10
51510,5/15/10,5,10
51610,5/16/10,5,10
51710,5/17/10,5,10
51810,5/18/10,5,10
51910,5/19/10,5,10
52010,5/20/10,5,10
52110,5/21/10,5,10
52210,5/22/10,5,10
52310,5/23/10,5,10
52410,5/24/10,5,10
52510,5/25/10,5,10
52610,5/26/10,5,10
52710,5/27/10,5,10
52810,5/28/10,5,10
52910,5/29/10,5,10
53010,5/30/10,5,10
53110,5/31/10,5,10
60110,6/1/10,6,10
60210,6/2/10,6,10
60310,6/3/10,6,10
60410,6/4/10,6,10
60510,6/5/10,6,10
60610,6/6/10,6,10
60710,6/7/10,6,10
60810,6/8/10,6,10
60910,6/9/10,6,10
61010,6/10/10,6,10
61110,6/11/10,6,10
61210,6/12/10,6,10
61310,6/13/10,6,10
61410,6/14/10,6,10
61510,6/15/10,6,10
61610,6/16/10,6,10
61710,6/17/10,6,10
61810,6/18/10,6,10
61910,6/19/10,6,10
62010,6/20/10,6,10
62110,6/21/10,6,10
62210,6/22/10,6,10
62310,6/23/10,6,10
62410,6/24/10,6,10
62510,6/25/10,6,10
62610,6/26/10,6,10
62710,6/27/10,6,10
62810,6/28/10,6,10
62910,6/29/10,6,10
63010,6/30/10,6,10
70110,7/1/10,7,10
70210,7/2/10,7,10
70310,7/3/10,7,10
70410,7/4/10,7,10
70510,7/5/10,7,10
70610,7/6/10,7,10
70710,7/7/10,7,10
70810,7/8/10,7,10
70910,7/9/10,7,10
71010,7/10/10,7,10
71110,7/11/10,7,10
71210,7/12/10,7,10
71310,7/13/10,7,10
71410,7/14/10,7,10
71510,7/15/10,7,10
71610,7/16/10,7,10
71710,7/17/10,7,10
71810,7/18/10,7,10
71910,7/19/10,7,10
72010,7/20/10,7,10
72110,7/21/10,7,10
72210,7/22/10,7,10
72310,7/23/10,7,10
72410,7/24/10,7,10
72510,7/25/10,7,10
72610,7/26/10,7,10
72710,7/27/10,7,10
72810,7/28/10,7,10
72910,7/29/10,7,10
73010,7/30/10,7,10
73110,7/31/10,7,10
80110,8/1/10,8,10
80210,8/2/10,8,10
80310,8/3/10,8,10
80410,8/4/10,8,10
80510,8/5/10,8,10
80610,8/6/10,8,10
80710,8/7/10,8,10
80810,8/8/10,8,10
80910,8/9/10,8,10
81010,8/10/10,8,10
81110,8/11/10,8,10
81210,8/12/10,8,10
81310,8/13/10,8,10
81410,8/14/10,8,10
81510,8/15/10,8,10
81610,8/16/10,8,10
81710,8/17/10,8,10
81810,8/18/10,8,10
81910,8/19/10,8,10
82010,8/20/10,8,10
82110,8/21/10,8,10
82210,8/22/10,8,10
82310,8/23/10,8,10
82410,8/24/10,8,10
82510,8/25/10,8,10
82610,8/26/10,8,10
82710,8/27/10,8,10
82810,8/28/10,8,10
82910,8/29/10,8,10
83010,8/30/10,8,10
83110,8/31/10,8,10
90110,9/1/10,9,10
90210,9/2/10,9,10
90310,9/3/10,9,10
90410,9/4/10,9,10
90510,9/5/10,9,10
90610,9/6/10,9,10
90710,9/7/10,9,10
90810,9/8/10,9,10
90910,9/9/10,9,10
91010,9/10/10,9,10
91110,9/11/10,9,10
91210,9/12/10,9,10
91310,9/13/10,9,10
91410,9/14/10,9,10
91510,9/15/10,9,10
91610,9/16/10,9,10
91710,9/17/10,9,10
91810,9/18/10,9,10
91910,9/19/10,9,10
92010,9/20/10,9,10
92110,9/21/10,9,10
92210,9/22/10,9,10
92310,9/23/10,9,10
92410,9/24/10,9,10
92510,9/25/10,9,10
92610,9/26/10,9,10
92710,9/27/10,9,10
92810,9/28/10,9,10
92910,9/29/10,9,10
93010,9/30/10,9,10
100110,10/1/10,10,10
100210,10/2/10,10,10
100310,10/3/10,10,10
100410,10/4/10,10,10
100510,10/5/10,10,10
100610,10/6/10,10,10
100710,10/7/10,10,10
100810,10/8/10,10,10
100910,10/9/10,10,10
101010,10/10/10,10,10
101110,10/11/10,10,10
101210,10/12/10,10,10
101310,10/13/10,10,10
101410,10/14/10,10,10
101510,10/15/10,10,10
101610,10/16/10,10,10
101710,10/17/10,10,10
101810,10/18/10,10,10
101910,10/19/10,10,10
102010,10/20/10,10,10
102110,10/21/10,10,10
102210,10/22/10,10,10
102310,10/23/10,10,10
102410,10/24/10,10,10
102510,10/25/10,10,10
102610,10/26/10,10,10
102710,10/27/10,10,10
102810,10/28/10,10,10
102910,10/29/10,10,10
103010,10/30/10,10,10
110110,11/01/10,11,10
110210,11/02/10,11,10
110310,11/03/10,11,10
110410,11/04/10,11,10
110510,11/05/10,11,10
110610,11/06/10,11,10
110710,11/07/10,11,10
110810,11/08/10,11,10
110910,11/09/10,11,10
111010,11/10/10,11,10
120110,12/01/10,12,10
120210,12/02/10,12,10
120310,12/03/10,12,10
120410,12/04/10,12,10
120510,12/05/10,12,10
120610,12/06/10,12,10
120710,12/07/10,12,10
120810,12/08/10,12,10
120910,12/09/10,12,10
121010,12/10/10,12,10
10111,01/01/11,1,11
10211,01/02/11,1,11
10311,01/03/11,1,11
10411,01/04/11,1,11
10511,01/05/11,1,11
10611,01/06/11,1,11
10711,01/07/11,1,11
10811,01/08/11,1,11
10911,01/09/11,1,11
11011,01/10/11,1,11
11111,01/11/11,1,11
11211,01/12/11,1,11
11311,01/13/11,1,11
11411,01/14/11,1,11
11511,01/15/11,1,11
11611,01/16/11,1,11
11711,01/17/11,1,11
11811,01/18/11,1,11
11911,01/19/11,1,11
12011,01/20/11,1,11
12111,01/21/11,1,11
12211,01/22/11,1,11
12311,01/23/11,1,11
12411,01/24/11,1,11
12511,01/25/11,1,11
12611,01/26/11,1,11
12711,01/27/11,1,11
12811,01/28/11,1,11
12911,01/29/11,1,11
13011,01/30/11,1,11
13111,01/31/11,1,11
20111,02/01/11,2,11
20211,02/02/11,2,11
20311,02/03/11,2,11
20411,02/04/11,2,11
20511,02/05/11,2,11
20611,02/06/11,2,11
20711,02/07/11,2,11
20811,02/08/11,2,11
20911,02/09/11,2,11
21011,02/10/11,2,11
21111,02/11/11,2,11
21211,02/12/11,2,11
21311,02/13/11,2,11
21411,02/14/11,2,11
21511,02/15/11,2,11
21611,02/16/11,2,11
21711,02/17/11,2,11
21811,02/18/11,2,11
21911,02/19/11,2,11
22011,02/20/11,2,11
22111,02/21/11,2,11
22211,02/22/11,2,11
22311,02/23/11,2,11
22411,02/24/11,2,11
22511,02/25/11,2,11
22611,02/26/11,2,11
22711,02/27/11,2,11
22811,02/28/11,2,11
30111,03/01/11,3,11
30211,03/02/11,3,11
30311,03/03/11,3,11
30411,03/04/11,3,11
30511,03/05/11,3,11
30611,03/06/11,3,11
30711,03/07/11,3,11
30811,03/08/11,3,11
30911,03/09/11,3,11
31011,03/10/11,3,11
31111,03/11/11,3,11
31211,03/12/11,3,11
31311,03/13/11,3,11
31411,03/14/11,3,11
31511,03/15/11,3,11
31611,03/16/11,3,11
31711,03/17/11,3,11
31811,03/18/11,3,11
31911,03/19/11,3,11
32011,03/20/11,3,11
32111,03/21/11,3,11
32211,03/22/11,3,11
32311,03/23/11,3,11
32411,03/24/11,3,11
32511,03/25/11,3,11
32611,03/26/11,3,11
32811,03/28/11,3,11
32911,03/29/11,3,11
33011,03/30/11,3,11
33111,03/31/11,3,11
40111,04/01/11,4,11
40211,04/02/11,4,11
40311,04/03/11,4,11
40411,04/04/11,4,11
40511,04/05/11,4,11
40611,04/06/11,4,11
40711,04/07/11,4,11
40811,04/08/11,4,11
40911,04/09/11,4,11
41011,04/10/11,4,11
41111,04/11/11,4,11
41211,04/12/11,4,11
41311,04/13/11,4,11
41411,04/14/11,4,11
41511,04/15/11,4,11
41611,04/16/11,4,11
41711,04/17/11,4,11
41811,04/18/11,4,11
41911,04/19/11,4,11
42011,04/20/11,4,11
42111,04/21/11,4,11
42211,04/22/11,4,11
42311,04/23/11,4,11
42411,04/24/11,4,11
42511,04/25/11,4,11
42611,04/26/11,4,11
42711,04/27/11,4,11
42811,04/28/11,4,11
42911,04/29/11,4,11
43011,04/30/11,4,11
50111,05/01/11,5,11
50211,05/02/11,5,11
50311,05/03/11,5,11
50411,05/04/11,5,11
50511,05/05/11,5,11
50611,05/06/11,5,11
50711,05/07/11,5,11
50811,05/08/11,5,11
50911,05/09/11,5,11
51011,05/10/11,5,11
51111,05/11/11,5,11
51211,05/12/11,5,11
51311,05/13/11,5,11
51411,05/14/11,5,11
51511,05/15/11,5,11
51611,05/16/11,5,11
51711,05/17/11,5,11
51811,05/18/11,5,11
51911,05/19/11,5,11
52011,05/20/11,5,11
52111,05/21/11,5,11
52211,05/22/11,5,11
52311,05/23/11,5,11
52411,05/24/11,5,11
52511,05/25/11,5,11
52611,05/26/11,5,11
52711,05/27/11,5,11
52811,05/28/11,5,11
52911,05/29/11,5,11
53011,05/30/11,5,11
53111,05/31/11,5,11
60111,06/01/11,6,11
60211,06/02/11,6,11
60311,06/03/11,6,11
60411,06/04/11,6,11
60511,06/05/11,6,11
60611,06/06/11,6,11
60711,06/07/11,6,11
60811,06/08/11,6,11
60911,06/09/11,6,11
61011,06/10/11,6,11
61111,06/11/11,6,11
61211,06/12/11,6,11
61311,06/13/11,6,11
61411,06/14/11,6,11
61511,06/15/11,6,11
61611,06/16/11,6,11
61711,06/17/11,6,11
61811,06/18/11,6,11
61911,06/19/11,6,11
62011,06/20/11,6,11
62111,06/21/11,6,11
62211,06/22/11,6,11
62311,06/23/11,6,11
62411,06/24/11,6,11
62511,06/25/11,6,11
62611,06/26/11,6,11
62711,06/27/11,6,11
62811,06/28/11,6,11
62911,06/29/11,6,11
63011,06/30/11,6,11
70111,07/01/11,7,11
70211,07/02/11,7,11
70311,07/03/11,7,11
70411,07/04/11,7,11
70511,07/05/11,7,11
70611,07/06/11,7,11
70711,07/07/11,7,11
70811,07/08/11,7,11
70911,07/09/11,7,11
71011,07/10/11,7,11
71111,07/11/11,7,11
71211,07/12/11,7,11
71311,07/13/11,7,11
71411,07/14/11,7,11
71511,07/15/11,7,11
71611,07/16/11,7,11
71711,07/17/11,7,11
71811,07/18/11,7,11
71911,07/19/11,7,11
72011,07/20/11,7,11
72111,07/21/11,7,11
72211,07/22/11,7,11
72311,07/23/11,7,11
72411,07/24/11,7,11
72511,07/25/11,7,11
72611,07/26/11,7,11
72711,07/27/11,7,11
72811,07/28/11,7,11
72911,07/29/11,7,11
73011,07/30/11,7,11
73111,07/31/11,7,11
80111,08/01/11,8,11
80211,08/02/11,8,11
80311,08/03/11,8,11
80411,08/04/11,8,11
80511,08/05/11,8,11
80611,08/06/11,8,11
80711,08/07/11,8,11
80811,08/08/11,8,11
80911,08/09/11,8,11
81011,08/10/11,8,11
81111,08/11/11,8,11
81211,08/12/11,8,11
81311,08/13/11,8,11
81411,08/14/11,8,11
81511,08/15/11,8,11
81611,08/16/11,8,11
81711,08/17/11,8,11
81811,08/18/11,8,11
81911,08/19/11,8,11
82011,08/20/11,8,11
82111,08/21/11,8,11
82211,08/22/11,8,11
82311,08/23/11,8,11
82411,08/24/11,8,11
82511,08/25/11,8,11
82611,08/26/11,8,11
82711,08/27/11,8,11
82811,08/28/11,8,11
82911,08/29/11,8,11
83011,08/30/11,8,11
83111,08/31/11,8,11
90111,09/01/11,9,11
90211,09/02/11,9,11
90311,09/03/11,9,11
90411,09/04/11,9,11
90511,09/05/11,9,11
90611,09/06/11,9,11
90711,09/07/11,9,11
90811,09/08/11,9,11
90911,09/09/11,9,11
91011,09/10/11,9,11
91111,09/11/11,9,11
91211,09/12/11,9,11
91311,09/13/11,9,11
91411,09/14/11,9,11
91511,09/15/11,9,11
91611,09/16/11,9,11
91711,09/17/11,9,11
91811,09/18/11,9,11
91911,09/19/11,9,11
92011,09/20/11,9,11
92111,09/21/11,9,11
92211,09/22/11,9,11
92311,09/23/11,9,11
92411,09/24/11,9,11
92511,09/25/11,9,11
92611,09/26/11,9,11
92711,09/27/11,9,11
92811,09/28/11,9,11
92911,09/29/11,9,11
93011,09/30/11,9,11
100111,10/01/11,10,11
100211,10/02/11,10,11
100311,10/03/11,10,11
100411,10/04/11,10,11
100511,10/05/11,10,11
100611,10/06/11,10,11
100711,10/07/11,10,11
100811,10/08/11,10,11
100911,10/09/11,10,11
101011,10/10/11,10,11
101111,10/11/11,10,11
101211,10/12/11,10,11
101311,10/13/11,10,11
101411,10/14/11,10,11
101511,10/15/11,10,11
101611,10/16/11,10,11
101711,10/17/11,10,11
101811,10/18/11,10,11
101911,10/19/11,10,11
102011,10/20/11,10,11
102111,10/21/11,10,11
102211,10/22/11,10,11
102311,10/23/11,10,11
102411,10/24/11,10,11
102511,10/25/11,10,11
102611,10/26/11,10,11
102711,10/27/11,10,11
102811,10/28/11,10,11
102911,10/29/11,10,11
103011,10/30/11,10,11
103110,10/31/10,10,10
103111,10/31/11,10,11
111110,11/11/10,11,10
111210,11/12/10,11,10
111310,11/13/10,11,10
111410,11/14/10,11,10
111510,11/15/10,11,10
111610,11/16/10,11,10
111710,11/17/10,11,10
111810,11/18/10,11,10
111910,11/19/10,11,10
112010,11/20/10,11,10
112110,11/21/10,11,10
112210,11/22/10,11,10
112310,11/23/10,11,10
112410,11/24/10,11,10
112510,11/25/10,11,10
112610,11/26/10,11,10
112710,11/27/10,11,10
112810,11/28/10,11,10
112910,11/29/10,11,10
113010,11/30/10,11,10
121110,12/11/10,12,10
121210,12/12/10,12,10
121310,12/13/10,12,10
121410,12/14/10,12,10
121510,12/15/10,12,10
121610,12/16/10,12,10
121710,12/17/10,12,10
121810,12/18/10,12,10
121910,12/19/10,12,10
122010,12/20/10,12,10
122110,12/21/10,12,10
122210,12/22/10,12,10
122310,12/23/10,12,10
122410,12/24/10,12,10
122510,12/25/10,12,10
122610,12/26/10,12,10
122710,12/27/10,12,10
122810,12/28/10,12,10
122910,12/29/10,12,10
123010,12/30/10,12,10
123110,12/31/10,12,10