orderDate_sk,orderDate,month,year,fiscalQuarter,fiscalYear
0,null,null,null,null,null
120204,12/2/04,12,4,Q3,2004
120404,12/4/04,12,4,Q3,2004
120504,12/5/04,12,4,Q3,2004
120604,12/6/04,12,4,Q3,2004
120704,12/7/04,12,4,Q3,2004
120804,12/8/04,12,4,Q3,2004
120904,12/9/04,12,4,Q3,2004
121004,12/10/04,12,4,Q3,2004
121104,12/11/04,12,4,Q3,2004
121204,12/12/04,12,4,Q3,2004
121304,12/13/04,12,4,Q3,2004
121404,12/14/04,12,4,Q3,2004
121504,12/15/04,12,4,Q3,2004
121604,12/16/04,12,4,Q3,2004
121704,12/17/04,12,4,Q3,2004
121804,12/18/04,12,4,Q3,2004
121904,12/19/04,12,4,Q3,2004
122004,12/20/04,12,4,Q3,2004
122104,12/21/04,12,4,Q3,2004
122204,12/22/04,12,4,Q3,2004
122304,12/23/04,12,4,Q3,2004
122404,12/24/04,12,4,Q3,2004
122504,12/25/04,12,4,Q3,2004
122604,12/26/04,12,4,Q3,2004
122704,12/27/04,12,4,Q3,2004
122804,12/28/04,12,4,Q3,2004
122904,12/29/04,12,4,Q3,2004
123004,12/30/04,12,4,Q3,2004
123104,12/31/04,12,4,Q3,2004
10105,1/1/05,1,5,Q4,2004
10205,1/2/05,1,5,Q4,2004
10305,1/3/05,1,5,Q4,2004
10405,1/4/05,1,5,Q4,2004
10505,1/5/05,1,5,Q4,2004
10605,1/6/05,1,5,Q4,2004
10705,1/7/05,1,5,Q4,2004
10805,1/8/05,1,5,Q4,2004
10905,1/9/05,1,5,Q4,2004
11005,1/10/05,1,5,Q4,2004
11105,1/11/05,1,5,Q4,2004
11205,1/12/05,1,5,Q4,2004
11305,1/13/05,1,5,Q4,2004
11405,1/14/05,1,5,Q4,2004
11505,1/15/05,1,5,Q4,2004
11605,1/16/05,1,5,Q4,2004
11705,1/17/05,1,5,Q4,2004
11805,1/18/05,1,5,Q4,2004
11905,1/19/05,1,5,Q4,2004
12005,1/20/05,1,5,Q4,2004
12105,1/21/05,1,5,Q4,2004
12205,1/22/05,1,5,Q4,2004
12305,1/23/05,1,5,Q4,2004
12405,1/24/05,1,5,Q4,2004
12505,1/25/05,1,5,Q4,2004
12605,1/26/05,1,5,Q4,2004
12705,1/27/05,1,5,Q4,2004
12805,1/28/05,1,5,Q4,2004
12905,1/29/05,1,5,Q4,2004
13005,1/30/05,1,5,Q4,2004
13105,1/31/05,1,5,Q4,2004
20105,2/1/05,2,5,Q4,2004
20205,2/2/05,2,5,Q4,2004
20305,2/3/05,2,5,Q4,2004
20405,2/4/05,2,5,Q4,2004
20505,2/5/05,2,5,Q4,2004
20605,2/6/05,2,5,Q4,2004
20705,2/7/05,2,5,Q4,2004
20805,2/8/05,2,5,Q4,2004
20905,2/9/05,2,5,Q4,2004
21005,2/10/05,2,5,Q4,2004
21105,2/11/05,2,5,Q4,2004
21205,2/12/05,2,5,Q4,2004
21305,2/13/05,2,5,Q4,2004
21405,2/14/05,2,5,Q4,2004
21505,2/15/05,2,5,Q4,2004
21605,2/16/05,2,5,Q4,2004
21705,2/17/05,2,5,Q4,2004
21805,2/18/05,2,5,Q4,2004
21905,2/19/05,2,5,Q4,2004
22005,2/20/05,2,5,Q4,2004
22105,2/21/05,2,5,Q4,2004
22205,2/22/05,2,5,Q4,2004
22305,2/23/05,2,5,Q4,2004
22405,2/24/05,2,5,Q4,2004
22505,2/25/05,2,5,Q4,2004
22605,2/26/05,2,5,Q4,2004
22705,2/27/05,2,5,Q4,2004
22805,2/28/05,2,5,Q4,2004
30105,3/1/05,3,5,Q4,2004
30205,3/2/05,3,5,Q4,2004
30305,3/3/05,3,5,Q4,2004
30405,3/4/05,3,5,Q4,2004
30505,3/5/05,3,5,Q4,2004
30605,3/6/05,3,5,Q4,2004
30705,3/7/05,3,5,Q4,2004
30805,3/8/05,3,5,Q4,2004
30905,3/9/05,3,5,Q4,2004
31005,3/10/05,3,5,Q4,2004
31105,3/11/05,3,5,Q4,2004
31205,3/12/05,3,5,Q4,2004
31305,3/13/05,3,5,Q4,2004
31405,3/14/05,3,5,Q4,2004
31505,3/15/05,3,5,Q4,2004
31605,3/16/05,3,5,Q4,2004
31705,3/17/05,3,5,Q4,2004
31805,3/18/05,3,5,Q4,2004
31905,3/19/05,3,5,Q4,2004
32005,3/20/05,3,5,Q4,2004
32105,3/21/05,3,5,Q4,2004
32205,3/22/05,3,5,Q4,2004
32305,3/23/05,3,5,Q4,2004
32405,3/24/05,3,5,Q4,2004
32505,3/25/05,3,5,Q4,2004
32605,3/26/05,3,5,Q4,2004
32705,3/27/05,3,5,Q4,2004
32805,3/28/05,3,5,Q4,2004
32905,3/29/05,3,5,Q4,2004
33005,3/30/05,3,5,Q4,2004
33105,3/31/05,3,5,Q4,2004
40105,4/1/05,4,5,Q1,2005
40205,4/2/05,4,5,Q1,2005
40305,4/3/05,4,5,Q1,2005
40405,4/4/05,4,5,Q1,2005
40505,4/5/05,4,5,Q1,2005
40605,4/6/05,4,5,Q1,2005
40705,4/7/05,4,5,Q1,2005
40805,4/8/05,4,5,Q1,2005
40905,4/9/05,4,5,Q1,2005
41005,4/10/05,4,5,Q1,2005
41105,4/11/05,4,5,Q1,2005
41205,4/12/05,4,5,Q1,2005
41305,4/13/05,4,5,Q1,2005
41405,4/14/05,4,5,Q1,2005
41505,4/15/05,4,5,Q1,2005
41605,4/16/05,4,5,Q1,2005
41705,4/17/05,4,5,Q1,2005
41805,4/18/05,4,5,Q1,2005
41905,4/19/05,4,5,Q1,2005
42005,4/20/05,4,5,Q1,2005
42105,4/21/05,4,5,Q1,2005
42205,4/22/05,4,5,Q1,2005
42305,4/23/05,4,5,Q1,2005
42405,4/24/05,4,5,Q1,2005
42505,4/25/05,4,5,Q1,2005
42605,4/26/05,4,5,Q1,2005
42705,4/27/05,4,5,Q1,2005
42805,4/28/05,4,5,Q1,2005
42905,4/29/05,4,5,Q1,2005
43005,4/30/05,4,5,Q1,2005
50105,5/1/05,5,5,Q1,2005
50205,5/2/05,5,5,Q1,2005
50305,5/3/05,5,5,Q1,2005
50405,5/4/05,5,5,Q1,2005
50505,5/5/05,5,5,Q1,2005
50605,5/6/05,5,5,Q1,2005
50705,5/7/05,5,5,Q1,2005
50805,5/8/05,5,5,Q1,2005
50905,5/9/05,5,5,Q1,2005
51005,5/10/05,5,5,Q1,2005
51105,5/11/05,5,5,Q1,2005
51205,5/12/05,5,5,Q1,2005
51305,5/13/05,5,5,Q1,2005
51405,5/14/05,5,5,Q1,2005
51505,5/15/05,5,5,Q1,2005
51605,5/16/05,5,5,Q1,2005
51705,5/17/05,5,5,Q1,2005
51805,5/18/05,5,5,Q1,2005
51905,5/19/05,5,5,Q1,2005
52005,5/20/05,5,5,Q1,2005
52105,5/21/05,5,5,Q1,2005
52205,5/22/05,5,5,Q1,2005
52305,5/23/05,5,5,Q1,2005
52405,5/24/05,5,5,Q1,2005
52505,5/25/05,5,5,Q1,2005
52605,5/26/05,5,5,Q1,2005
52705,5/27/05,5,5,Q1,2005
52805,5/28/05,5,5,Q1,2005
52905,5/29/05,5,5,Q1,2005
53005,5/30/05,5,5,Q1,2005
53105,5/31/05,5,5,Q1,2005
60105,6/1/05,6,5,Q1,2005
60205,6/2/05,6,5,Q1,2005
60305,6/3/05,6,5,Q1,2005
60405,6/4/05,6,5,Q1,2005
60505,6/5/05,6,5,Q1,2005
60605,6/6/05,6,5,Q1,2005
60705,6/7/05,6,5,Q1,2005
60805,6/8/05,6,5,Q1,2005
60905,6/9/05,6,5,Q1,2005
61005,6/10/05,6,5,Q1,2005
61105,6/11/05,6,5,Q1,2005
61205,6/12/05,6,5,Q1,2005
61305,6/13/05,6,5,Q1,2005
61405,6/14/05,6,5,Q1,2005
61505,6/15/05,6,5,Q1,2005
61605,6/16/05,6,5,Q1,2005
61705,6/17/05,6,5,Q1,2005
61805,6/18/05,6,5,Q1,2005
61905,6/19/05,6,5,Q1,2005
62005,6/20/05,6,5,Q1,2005
62105,6/21/05,6,5,Q1,2005
62205,6/22/05,6,5,Q1,2005
62305,6/23/05,6,5,Q1,2005
62405,6/24/05,6,5,Q1,2005
62505,6/25/05,6,5,Q1,2005
62605,6/26/05,6,5,Q1,2005
62705,6/27/05,6,5,Q1,2005
62805,6/28/05,6,5,Q1,2005
62905,6/29/05,6,5,Q1,2005
63005,6/30/05,6,5,Q1,2005
70105,7/1/05,7,5,Q2,2005
70205,7/2/05,7,5,Q2,2005
70305,7/3/05,7,5,Q2,2005
70405,7/4/05,7,5,Q2,2005
70505,7/5/05,7,5,Q2,2005
70605,7/6/05,7,5,Q2,2005
70705,7/7/05,7,5,Q2,2005
70805,7/8/05,7,5,Q2,2005
70905,7/9/05,7,5,Q2,2005
71005,7/10/05,7,5,Q2,2005
71105,7/11/05,7,5,Q2,2005
71205,7/12/05,7,5,Q2,2005
71305,7/13/05,7,5,Q2,2005
71405,7/14/05,7,5,Q2,2005
71505,7/15/05,7,5,Q2,2005
71605,7/16/05,7,5,Q2,2005
71705,7/17/05,7,5,Q2,2005
71805,7/18/05,7,5,Q2,2005
71905,7/19/05,7,5,Q2,2005
72005,7/20/05,7,5,Q2,2005
72105,7/21/05,7,5,Q2,2005
72205,7/22/05,7,5,Q2,2005
72305,7/23/05,7,5,Q2,2005
72405,7/24/05,7,5,Q2,2005
72505,7/25/05,7,5,Q2,2005
72605,7/26/05,7,5,Q2,2005
72705,7/27/05,7,5,Q2,2005
72805,7/28/05,7,5,Q2,2005
72905,7/29/05,7,5,Q2,2005
73005,7/30/05,7,5,Q2,2005
73105,7/31/05,7,5,Q2,2005
80105,8/1/05,8,5,Q2,2005
80205,8/2/05,8,5,Q2,2005
80305,8/3/05,8,5,Q2,2005
80405,8/4/05,8,5,Q2,2005
80505,8/5/05,8,5,Q2,2005
80605,8/6/05,8,5,Q2,2005
80705,8/7/05,8,5,Q2,2005
80805,8/8/05,8,5,Q2,2005
80905,8/9/05,8,5,Q2,2005
81005,8/10/05,8,5,Q2,2005
81105,8/11/05,8,5,Q2,2005
81205,8/12/05,8,5,Q2,2005
81305,8/13/05,8,5,Q2,2005
81405,8/14/05,8,5,Q2,2005
81505,8/15/05,8,5,Q2,2005
81605,8/16/05,8,5,Q2,2005
81705,8/17/05,8,5,Q2,2005
81805,8/18/05,8,5,Q2,2005
81905,8/19/05,8,5,Q2,2005
82005,8/20/05,8,5,Q2,2005
82105,8/21/05,8,5,Q2,2005
82205,8/22/05,8,5,Q2,2005
82305,8/23/05,8,5,Q2,2005
82405,8/24/05,8,5,Q2,2005
82505,8/25/05,8,5,Q2,2005
82605,8/26/05,8,5,Q2,2005
82705,8/27/05,8,5,Q2,2005
82805,8/28/05,8,5,Q2,2005
82905,8/29/05,8,5,Q2,2005
83005,8/30/05,8,5,Q2,2005
83105,8/31/05,8,5,Q2,2005
90105,9/1/05,9,5,Q2,2005
90205,9/2/05,9,5,Q2,2005
90305,9/3/05,9,5,Q2,2005
90405,9/4/05,9,5,Q2,2005
90505,9/5/05,9,5,Q2,2005
90605,9/6/05,9,5,Q2,2005
90705,9/7/05,9,5,Q2,2005
90805,9/8/05,9,5,Q2,2005
90905,9/9/05,9,5,Q2,2005
91005,9/10/05,9,5,Q2,2005
91105,9/11/05,9,5,Q2,2005
91205,9/12/05,9,5,Q2,2005
91305,9/13/05,9,5,Q2,2005
91405,9/14/05,9,5,Q2,2005
91505,9/15/05,9,5,Q2,2005
91605,9/16/05,9,5,Q2,2005
91705,9/17/05,9,5,Q2,2005
91805,9/18/05,9,5,Q2,2005
91905,9/19/05,9,5,Q2,2005
92005,9/20/05,9,5,Q2,2005
92105,9/21/05,9,5,Q2,2005
92205,9/22/05,9,5,Q2,2005
92305,9/23/05,9,5,Q2,2005
92405,9/24/05,9,5,Q2,2005
92505,9/25/05,9,5,Q2,2005
92605,9/26/05,9,5,Q2,2005
92705,9/27/05,9,5,Q2,2005
92805,9/28/05,9,5,Q2,2005
92905,9/29/05,9,5,Q2,2005
93005,9/30/05,9,5,Q2,2005
100105,10/1/05,10,5,Q3,2005
100205,10/2/05,10,5,Q3,2005
100305,10/3/05,10,5,Q3,2005
100405,10/4/05,10,5,Q3,2005
100505,10/5/05,10,5,Q3,2005
100605,10/6/05,10,5,Q3,2005
100705,10/7/05,10,5,Q3,2005
100805,10/8/05,10,5,Q3,2005
100905,10/9/05,10,5,Q3,2005
101005,10/10/05,10,5,Q3,2005
101105,10/11/05,10,5,Q3,2005
101205,10/12/05,10,5,Q3,2005
101305,10/13/05,10,5,Q3,2005
101405,10/14/05,10,5,Q3,2005
101505,10/15/05,10,5,Q3,2005
101605,10/16/05,10,5,Q3,2005
101705,10/17/05,10,5,Q3,2005
101805,10/18/05,10,5,Q3,2005
101905,10/19/05,10,5,Q3,2005
102005,10/20/05,10,5,Q3,2005
102105,10/21/05,10,5,Q3,2005
102205,10/22/05,10,5,Q3,2005
102305,10/23/05,10,5,Q3,2005
102405,10/24/05,10,5,Q3,2005
102505,10/25/05,10,5,Q3,2005
102605,10/26/05,10,5,Q3,2005
102705,10/27/05,10,5,Q3,2005
102805,10/28/05,10,5,Q3,2005
102905,10/29/05,10,5,Q3,2005
103005,10/30/05,10,5,Q3,2005
103105,10/31/05,10,5,Q3,2005
110105,11/1/05,11,5,Q3,2005
110205,11/2/05,11,5,Q3,2005
110305,11/3/05,11,5,Q3,2005
110405,11/4/05,11,5,Q3,2005
110505,11/5/05,11,5,Q3,2005
110605,11/6/05,11,5,Q3,2005
110705,11/7/05,11,5,Q3,2005
110805,11/8/05,11,5,Q3,2005
110905,11/9/05,11,5,Q3,2005
111005,11/10/05,11,5,Q3,2005
111105,11/11/05,11,5,Q3,2005
111205,11/12/05,11,5,Q3,2005
111305,11/13/05,11,5,Q3,2005
111405,11/14/05,11,5,Q3,2005
111505,11/15/05,11,5,Q3,2005
111605,11/16/05,11,5,Q3,2005
111705,11/17/05,11,5,Q3,2005
111805,11/18/05,11,5,Q3,2005
111905,11/19/05,11,5,Q3,2005
112005,11/20/05,11,5,Q3,2005
112105,11/21/05,11,5,Q3,2005
112205,11/22/05,11,5,Q3,2005
112305,11/23/05,11,5,Q3,2005
112405,11/24/05,11,5,Q3,2005
112505,11/25/05,11,5,Q3,2005
112605,11/26/05,11,5,Q3,2005
112705,11/27/05,11,5,Q3,2005
112805,11/28/05,11,5,Q3,2005
112905,11/29/05,11,5,Q3,2005
113005,11/30/05,11,5,Q3,2005
120105,12/1/05,12,5,Q3,2005
120205,12/2/05,12,5,Q3,2005
120305,12/3/05,12,5,Q3,2005
120405,12/4/05,12,5,Q3,2005
120505,12/5/05,12,5,Q3,2005
120605,12/6/05,12,5,Q3,2005
120705,12/7/05,12,5,Q3,2005
120805,12/8/05,12,5,Q3,2005
120905,12/9/05,12,5,Q3,2005
121005,12/10/05,12,5,Q3,2005
121105,12/11/05,12,5,Q3,2005
121205,12/12/05,12,5,Q3,2005
121305,12/13/05,12,5,Q3,2005
121405,12/14/05,12,5,Q3,2005
121505,12/15/05,12,5,Q3,2005
121605,12/16/05,12,5,Q3,2005
121705,12/17/05,12,5,Q3,2005
121805,12/18/05,12,5,Q3,2005
121905,12/19/05,12,5,Q3,2005
122005,12/20/05,12,5,Q3,2005
122105,12/21/05,12,5,Q3,2005
122205,12/22/05,12,5,Q3,2005
122305,12/23/05,12,5,Q3,2005
122405,12/24/05,12,5,Q3,2005
122505,12/25/05,12,5,Q3,2005
122605,12/26/05,12,5,Q3,2005
122705,12/27/05,12,5,Q3,2005
122805,12/28/05,12,5,Q3,2005
122905,12/29/05,12,5,Q3,2005
123005,12/30/05,12,5,Q3,2005
123105,12/31/05,12,5,Q3,2005
10106,1/1/06,1,6,Q4,2005
10206,1/2/06,1,6,Q4,2005
10306,1/3/06,1,6,Q4,2005
10406,1/4/06,1,6,Q4,2005
10506,1/5/06,1,6,Q4,2005
10606,1/6/06,1,6,Q4,2005
10706,1/7/06,1,6,Q4,2005
10806,1/8/06,1,6,Q4,2005
10906,1/9/06,1,6,Q4,2005
11006,1/10/06,1,6,Q4,2005
11106,1/11/06,1,6,Q4,2005
11206,1/12/06,1,6,Q4,2005
11306,1/13/06,1,6,Q4,2005
11406,1/14/06,1,6,Q4,2005
11506,1/15/06,1,6,Q4,2005
11606,1/16/06,1,6,Q4,2005
11706,1/17/06,1,6,Q4,2005
11806,1/18/06,1,6,Q4,2005
11906,1/19/06,1,6,Q4,2005
12006,1/20/06,1,6,Q4,2005
12106,1/21/06,1,6,Q4,2005
12206,1/22/06,1,6,Q4,2005
12306,1/23/06,1,6,Q4,2005
12406,1/24/06,1,6,Q4,2005
12506,1/25/06,1,6,Q4,2005
12606,1/26/06,1,6,Q4,2005
12706,1/27/06,1,6,Q4,2005
12806,1/28/06,1,6,Q4,2005
12906,1/29/06,1,6,Q4,2005
13006,1/30/06,1,6,Q4,2005
13106,1/31/06,1,6,Q4,2005
20106,2/1/06,2,6,Q4,2005
20206,2/2/06,2,6,Q4,2005
20306,2/3/06,2,6,Q4,2005
20406,2/4/06,2,6,Q4,2005
20506,2/5/06,2,6,Q4,2005
20606,2/6/06,2,6,Q4,2005
20706,2/7/06,2,6,Q4,2005
20806,2/8/06,2,6,Q4,2005
20906,2/9/06,2,6,Q4,2005
21006,2/10/06,2,6,Q4,2005
21106,2/11/06,2,6,Q4,2005
21206,2/12/06,2,6,Q4,2005
21306,2/13/06,2,6,Q4,2005
21406,2/14/06,2,6,Q4,2005
21506,2/15/06,2,6,Q4,2005
21606,2/16/06,2,6,Q4,2005
21706,2/17/06,2,6,Q4,2005
21806,2/18/06,2,6,Q4,2005
21906,2/19/06,2,6,Q4,2005
22006,2/20/06,2,6,Q4,2005
22106,2/21/06,2,6,Q4,2005
22206,2/22/06,2,6,Q4,2005
22306,2/23/06,2,6,Q4,2005
22406,2/24/06,2,6,Q4,2005
22506,2/25/06,2,6,Q4,2005
22606,2/26/06,2,6,Q4,2005
22706,2/27/06,2,6,Q4,2005
22806,2/28/06,2,6,Q4,2005
30106,3/1/06,3,6,Q4,2005
30206,3/2/06,3,6,Q4,2005
30306,3/3/06,3,6,Q4,2005
30406,3/4/06,3,6,Q4,2005
30506,3/5/06,3,6,Q4,2005
30606,3/6/06,3,6,Q4,2005
30706,3/7/06,3,6,Q4,2005
30806,3/8/06,3,6,Q4,2005
30906,3/9/06,3,6,Q4,2005
31006,3/10/06,3,6,Q4,2005
31106,3/11/06,3,6,Q4,2005
31206,3/12/06,3,6,Q4,2005
31306,3/13/06,3,6,Q4,2005
31406,3/14/06,3,6,Q4,2005
31506,3/15/06,3,6,Q4,2005
31606,3/16/06,3,6,Q4,2005
31706,3/17/06,3,6,Q4,2005
31806,3/18/06,3,6,Q4,2005
31906,3/19/06,3,6,Q4,2005
32006,3/20/06,3,6,Q4,2005
32106,3/21/06,3,6,Q4,2005
32206,3/22/06,3,6,Q4,2005
32306,3/23/06,3,6,Q4,2005
32406,3/24/06,3,6,Q4,2005
32506,3/25/06,3,6,Q4,2005
32606,3/26/06,3,6,Q4,2005
32706,3/27/06,3,6,Q4,2005
32806,3/28/06,3,6,Q4,2005
32906,3/29/06,3,6,Q4,2005
33006,3/30/06,3,6,Q4,2005
33106,3/31/06,3,6,Q4,2005
40106,4/1/06,4,6,Q1,2006
40206,4/2/06,4,6,Q1,2006
40306,4/3/06,4,6,Q1,2006
40406,4/4/06,4,6,Q1,2006
40506,4/5/06,4,6,Q1,2006
40606,4/6/06,4,6,Q1,2006
40706,4/7/06,4,6,Q1,2006
40806,4/8/06,4,6,Q1,2006
40906,4/9/06,4,6,Q1,2006
41006,4/10/06,4,6,Q1,2006
41106,4/11/06,4,6,Q1,2006
41206,4/12/06,4,6,Q1,2006
41306,4/13/06,4,6,Q1,2006
41406,4/14/06,4,6,Q1,2006
41506,4/15/06,4,6,Q1,2006
41606,4/16/06,4,6,Q1,2006
41706,4/17/06,4,6,Q1,2006
41806,4/18/06,4,6,Q1,2006
41906,4/19/06,4,6,Q1,2006
42006,4/20/06,4,6,Q1,2006
42106,4/21/06,4,6,Q1,2006
42206,4/22/06,4,6,Q1,2006
42306,4/23/06,4,6,Q1,2006
42406,4/24/06,4,6,Q1,2006
42506,4/25/06,4,6,Q1,2006
42606,4/26/06,4,6,Q1,2006
42706,4/27/06,4,6,Q1,2006
42806,4/28/06,4,6,Q1,2006
42906,4/29/06,4,6,Q1,2006
43006,4/30/06,4,6,Q1,2006
50106,5/1/06,5,6,Q1,2006
50206,5/2/06,5,6,Q1,2006
50306,5/3/06,5,6,Q1,2006
50406,5/4/06,5,6,Q1,2006
50506,5/5/06,5,6,Q1,2006
50606,5/6/06,5,6,Q1,2006
50706,5/7/06,5,6,Q1,2006
50806,5/8/06,5,6,Q1,2006
50906,5/9/06,5,6,Q1,2006
51006,5/10/06,5,6,Q1,2006
51106,5/11/06,5,6,Q1,2006
51206,5/12/06,5,6,Q1,2006
51306,5/13/06,5,6,Q1,2006
51406,5/14/06,5,6,Q1,2006
51506,5/15/06,5,6,Q1,2006
51606,5/16/06,5,6,Q1,2006
51706,5/17/06,5,6,Q1,2006
51806,5/18/06,5,6,Q1,2006
51906,5/19/06,5,6,Q1,2006
52006,5/20/06,5,6,Q1,2006
52106,5/21/06,5,6,Q1,2006
52206,5/22/06,5,6,Q1,2006
52306,5/23/06,5,6,Q1,2006
52406,5/24/06,5,6,Q1,2006
52506,5/25/06,5,6,Q1,2006
52606,5/26/06,5,6,Q1,2006
52706,5/27/06,5,6,Q1,2006
52806,5/28/06,5,6,Q1,2006
52906,5/29/06,5,6,Q1,2006
53006,5/30/06,5,6,Q1,2006
53106,5/31/06,5,6,Q1,2006
60106,6/1/06,6,6,Q1,2006
60206,6/2/06,6,6,Q1,2006
60306,6/3/06,6,6,Q1,2006
60406,6/4/06,6,6,Q1,2006
60506,6/5/06,6,6,Q1,2006
60606,6/6/06,6,6,Q1,2006
60706,6/7/06,6,6,Q1,2006
60806,6/8/06,6,6,Q1,2006
60906,6/9/06,6,6,Q1,2006
61006,6/10/06,6,6,Q1,2006
61106,6/11/06,6,6,Q1,2006
61206,6/12/06,6,6,Q1,2006
61306,6/13/06,6,6,Q1,2006
61406,6/14/06,6,6,Q1,2006
61506,6/15/06,6,6,Q1,2006
61606,6/16/06,6,6,Q1,2006
61706,6/17/06,6,6,Q1,2006
61806,6/18/06,6,6,Q1,2006
61906,6/19/06,6,6,Q1,2006
62006,6/20/06,6,6,Q1,2006
62106,6/21/06,6,6,Q1,2006
62206,6/22/06,6,6,Q1,2006
62306,6/23/06,6,6,Q1,2006
62406,6/24/06,6,6,Q1,2006
62506,6/25/06,6,6,Q1,2006
62606,6/26/06,6,6,Q1,2006
62706,6/27/06,6,6,Q1,2006
62806,6/28/06,6,6,Q1,2006
62906,6/29/06,6,6,Q1,2006
63006,6/30/06,6,6,Q1,2006
70106,7/1/06,7,6,Q2,2006
70206,7/2/06,7,6,Q2,2006
70306,7/3/06,7,6,Q2,2006
70406,7/4/06,7,6,Q2,2006
70506,7/5/06,7,6,Q2,2006
70606,7/6/06,7,6,Q2,2006
70706,7/7/06,7,6,Q2,2006
70806,7/8/06,7,6,Q2,2006
70906,7/9/06,7,6,Q2,2006
71006,7/10/06,7,6,Q2,2006
71106,7/11/06,7,6,Q2,2006
71206,7/12/06,7,6,Q2,2006
71306,7/13/06,7,6,Q2,2006
71406,7/14/06,7,6,Q2,2006
71506,7/15/06,7,6,Q2,2006
71606,7/16/06,7,6,Q2,2006
71706,7/17/06,7,6,Q2,2006
71806,7/18/06,7,6,Q2,2006
71906,7/19/06,7,6,Q2,2006
72006,7/20/06,7,6,Q2,2006
72106,7/21/06,7,6,Q2,2006
72206,7/22/06,7,6,Q2,2006
72306,7/23/06,7,6,Q2,2006
72406,7/24/06,7,6,Q2,2006
72506,7/25/06,7,6,Q2,2006
72606,7/26/06,7,6,Q2,2006
72706,7/27/06,7,6,Q2,2006
72806,7/28/06,7,6,Q2,2006
72906,7/29/06,7,6,Q2,2006
73006,7/30/06,7,6,Q2,2006
73106,7/31/06,7,6,Q2,2006
80106,8/1/06,8,6,Q2,2006
80206,8/2/06,8,6,Q2,2006
80306,8/3/06,8,6,Q2,2006
80406,8/4/06,8,6,Q2,2006
80506,8/5/06,8,6,Q2,2006
80606,8/6/06,8,6,Q2,2006
80706,8/7/06,8,6,Q2,2006
80806,8/8/06,8,6,Q2,2006
80906,8/9/06,8,6,Q2,2006
81006,8/10/06,8,6,Q2,2006
81106,8/11/06,8,6,Q2,2006
81206,8/12/06,8,6,Q2,2006
81306,8/13/06,8,6,Q2,2006
81406,8/14/06,8,6,Q2,2006
81506,8/15/06,8,6,Q2,2006
81606,8/16/06,8,6,Q2,2006
81706,8/17/06,8,6,Q2,2006
81806,8/18/06,8,6,Q2,2006
81906,8/19/06,8,6,Q2,2006
82006,8/20/06,8,6,Q2,2006
82106,8/21/06,8,6,Q2,2006
82206,8/22/06,8,6,Q2,2006
82306,8/23/06,8,6,Q2,2006
82406,8/24/06,8,6,Q2,2006
82506,8/25/06,8,6,Q2,2006
82606,8/26/06,8,6,Q2,2006
82706,8/27/06,8,6,Q2,2006
82806,8/28/06,8,6,Q2,2006
82906,8/29/06,8,6,Q2,2006
83006,8/30/06,8,6,Q2,2006
83106,8/31/06,8,6,Q2,2006
90106,9/1/06,9,6,Q2,2006
90206,9/2/06,9,6,Q2,2006
90306,9/3/06,9,6,Q2,2006
90406,9/4/06,9,6,Q2,2006
90506,9/5/06,9,6,Q2,2006
90606,9/6/06,9,6,Q2,2006
90706,9/7/06,9,6,Q2,2006
90806,9/8/06,9,6,Q2,2006
90906,9/9/06,9,6,Q2,2006
91006,9/10/06,9,6,Q2,2006
91106,9/11/06,9,6,Q2,2006
91206,9/12/06,9,6,Q2,2006
91306,9/13/06,9,6,Q2,2006
91406,9/14/06,9,6,Q2,2006
91506,9/15/06,9,6,Q2,2006
91606,9/16/06,9,6,Q2,2006
91706,9/17/06,9,6,Q2,2006
91806,9/18/06,9,6,Q2,2006
91906,9/19/06,9,6,Q2,2006
92006,9/20/06,9,6,Q2,2006
92106,9/21/06,9,6,Q2,2006
92206,9/22/06,9,6,Q2,2006
92306,9/23/06,9,6,Q2,2006
92406,9/24/06,9,6,Q2,2006
92506,9/25/06,9,6,Q2,2006
92606,9/26/06,9,6,Q2,2006
92706,9/27/06,9,6,Q2,2006
92806,9/28/06,9,6,Q2,2006
92906,9/29/06,9,6,Q2,2006
93006,9/30/06,9,6,Q2,2006
100106,10/1/06,10,6,Q3,2006
100206,10/2/06,10,6,Q3,2006
100306,10/3/06,10,6,Q3,2006
100406,10/4/06,10,6,Q3,2006
100506,10/5/06,10,6,Q3,2006
100606,10/6/06,10,6,Q3,2006
100706,10/7/06,10,6,Q3,2006
100806,10/8/06,10,6,Q3,2006
100906,10/9/06,10,6,Q3,2006
101006,10/10/06,10,6,Q3,2006
101106,10/11/06,10,6,Q3,2006
101206,10/12/06,10,6,Q3,2006
101306,10/13/06,10,6,Q3,2006
101406,10/14/06,10,6,Q3,2006
101506,10/15/06,10,6,Q3,2006
101606,10/16/06,10,6,Q3,2006
101706,10/17/06,10,6,Q3,2006
101806,10/18/06,10,6,Q3,2006
101906,10/19/06,10,6,Q3,2006
102006,10/20/06,10,6,Q3,2006
102106,10/21/06,10,6,Q3,2006
102206,10/22/06,10,6,Q3,2006
102306,10/23/06,10,6,Q3,2006
102406,10/24/06,10,6,Q3,2006
102506,10/25/06,10,6,Q3,2006
102606,10/26/06,10,6,Q3,2006
102706,10/27/06,10,6,Q3,2006
102806,10/28/06,10,6,Q3,2006
102906,10/29/06,10,6,Q3,2006
103006,10/30/06,10,6,Q3,2006
103106,10/31/06,10,6,Q3,2006
110106,11/1/06,11,6,Q3,2006
110206,11/2/06,11,6,Q3,2006
110306,11/3/06,11,6,Q3,2006
110406,11/4/06,11,6,Q3,2006
110506,11/5/06,11,6,Q3,2006
110606,11/6/06,11,6,Q3,2006
110706,11/7/06,11,6,Q3,2006
110806,11/8/06,11,6,Q3,2006
110906,11/9/06,11,6,Q3,2006
111006,11/10/06,11,6,Q3,2006
111106,11/11/06,11,6,Q3,2006
111206,11/12/06,11,6,Q3,2006
111306,11/13/06,11,6,Q3,2006
111406,11/14/06,11,6,Q3,2006
111506,11/15/06,11,6,Q3,2006
111606,11/16/06,11,6,Q3,2006
111706,11/17/06,11,6,Q3,2006
111806,11/18/06,11,6,Q3,2006
111906,11/19/06,11,6,Q3,2006
112006,11/20/06,11,6,Q3,2006
112106,11/21/06,11,6,Q3,2006
112206,11/22/06,11,6,Q3,2006
112306,11/23/06,11,6,Q3,2006
112406,11/24/06,11,6,Q3,2006
112506,11/25/06,11,6,Q3,2006
112606,11/26/06,11,6,Q3,2006
112706,11/27/06,11,6,Q3,2006
112806,11/28/06,11,6,Q3,2006
112906,11/29/06,11,6,Q3,2006
113006,11/30/06,11,6,Q3,2006
120106,12/1/06,12,6,Q3,2006
120206,12/2/06,12,6,Q3,2006
120306,12/3/06,12,6,Q3,2006
120406,12/4/06,12,6,Q3,2006
120506,12/5/06,12,6,Q3,2006
120606,12/6/06,12,6,Q3,2006
120706,12/7/06,12,6,Q3,2006
120806,12/8/06,12,6,Q3,2006
120906,12/9/06,12,6,Q3,2006
121006,12/10/06,12,6,Q3,2006
121106,12/11/06,12,6,Q3,2006
121206,12/12/06,12,6,Q3,2006
121306,12/13/06,12,6,Q3,2006
121406,12/14/06,12,6,Q3,2006
121506,12/15/06,12,6,Q3,2006
121606,12/16/06,12,6,Q3,2006
121706,12/17/06,12,6,Q3,2006
121806,12/18/06,12,6,Q3,2006
121906,12/19/06,12,6,Q3,2006
122006,12/20/06,12,6,Q3,2006
122106,12/21/06,12,6,Q3,2006
122206,12/22/06,12,6,Q3,2006
122306,12/23/06,12,6,Q3,2006
122406,12/24/06,12,6,Q3,2006
122506,12/25/06,12,6,Q3,2006
122606,12/26/06,12,6,Q3,2006
122706,12/27/06,12,6,Q3,2006
122806,12/28/06,12,6,Q3,2006
122906,12/29/06,12,6,Q3,2006
123006,12/30/06,12,6,Q3,2006
123106,12/31/06,12,6,Q3,2006
10107,1/1/07,1,7,Q4,2006
10207,1/2/07,1,7,Q4,2006
10307,1/3/07,1,7,Q4,2006
10407,1/4/07,1,7,Q4,2006
10507,1/5/07,1,7,Q4,2006
10607,1/6/07,1,7,Q4,2006
10707,1/7/07,1,7,Q4,2006
10807,1/8/07,1,7,Q4,2006
10907,1/9/07,1,7,Q4,2006
11007,1/10/07,1,7,Q4,2006
11107,1/11/07,1,7,Q4,2006
11207,1/12/07,1,7,Q4,2006
11307,1/13/07,1,7,Q4,2006
11407,1/14/07,1,7,Q4,2006
11507,1/15/07,1,7,Q4,2006
11607,1/16/07,1,7,Q4,2006
11707,1/17/07,1,7,Q4,2006
11807,1/18/07,1,7,Q4,2006
11907,1/19/07,1,7,Q4,2006
12007,1/20/07,1,7,Q4,2006
12107,1/21/07,1,7,Q4,2006
12207,1/22/07,1,7,Q4,2006
12307,1/23/07,1,7,Q4,2006
12407,1/24/07,1,7,Q4,2006
12507,1/25/07,1,7,Q4,2006
12607,1/26/07,1,7,Q4,2006
12707,1/27/07,1,7,Q4,2006
12807,1/28/07,1,7,Q4,2006
12907,1/29/07,1,7,Q4,2006
13007,1/30/07,1,7,Q4,2006
13107,1/31/07,1,7,Q4,2006
20107,2/1/07,2,7,Q4,2006
20207,2/2/07,2,7,Q4,2006
20307,2/3/07,2,7,Q4,2006
20407,2/4/07,2,7,Q4,2006
20507,2/5/07,2,7,Q4,2006
20607,2/6/07,2,7,Q4,2006
20707,2/7/07,2,7,Q4,2006
20807,2/8/07,2,7,Q4,2006
20907,2/9/07,2,7,Q4,2006
21007,2/10/07,2,7,Q4,2006
21107,2/11/07,2,7,Q4,2006
21207,2/12/07,2,7,Q4,2006
21307,2/13/07,2,7,Q4,2006
21407,2/14/07,2,7,Q4,2006
21507,2/15/07,2,7,Q4,2006
21607,2/16/07,2,7,Q4,2006
21707,2/17/07,2,7,Q4,2006
21807,2/18/07,2,7,Q4,2006
21907,2/19/07,2,7,Q4,2006
22007,2/20/07,2,7,Q4,2006
22107,2/21/07,2,7,Q4,2006
22207,2/22/07,2,7,Q4,2006
22307,2/23/07,2,7,Q4,2006
22407,2/24/07,2,7,Q4,2006
22507,2/25/07,2,7,Q4,2006
22607,2/26/07,2,7,Q4,2006
22707,2/27/07,2,7,Q4,2006
22807,2/28/07,2,7,Q4,2006
30107,3/1/07,3,7,Q4,2006
30207,3/2/07,3,7,Q4,2006
30307,3/3/07,3,7,Q4,2006
30407,3/4/07,3,7,Q4,2006
30507,3/5/07,3,7,Q4,2006
30607,3/6/07,3,7,Q4,2006
30707,3/7/07,3,7,Q4,2006
30807,3/8/07,3,7,Q4,2006
30907,3/9/07,3,7,Q4,2006
31007,3/10/07,3,7,Q4,2006
31107,3/11/07,3,7,Q4,2006
31207,3/12/07,3,7,Q4,2006
31307,3/13/07,3,7,Q4,2006
31407,3/14/07,3,7,Q4,2006
31507,3/15/07,3,7,Q4,2006
31607,3/16/07,3,7,Q4,2006
31707,3/17/07,3,7,Q4,2006
31807,3/18/07,3,7,Q4,2006
31907,3/19/07,3,7,Q4,2006
32007,3/20/07,3,7,Q4,2006
32107,3/21/07,3,7,Q4,2006
32207,3/22/07,3,7,Q4,2006
32307,3/23/07,3,7,Q4,2006
32407,3/24/07,3,7,Q4,2006
32507,3/25/07,3,7,Q4,2006
32607,3/26/07,3,7,Q4,2006
32707,3/27/07,3,7,Q4,2006
32807,3/28/07,3,7,Q4,2006
32907,3/29/07,3,7,Q4,2006
33007,3/30/07,3,7,Q4,2006
33107,3/31/07,3,7,Q4,2006
40107,4/1/07,4,7,Q1,2007
40207,4/2/07,4,7,Q1,2007
40307,4/3/07,4,7,Q1,2007
40407,4/4/07,4,7,Q1,2007
40507,4/5/07,4,7,Q1,2007
40607,4/6/07,4,7,Q1,2007
40707,4/7/07,4,7,Q1,2007
40807,4/8/07,4,7,Q1,2007
40907,4/9/07,4,7,Q1,2007
41007,4/10/07,4,7,Q1,2007
41107,4/11/07,4,7,Q1,2007
41207,4/12/07,4,7,Q1,2007
41307,4/13/07,4,7,Q1,2007
41407,4/14/07,4,7,Q1,2007
41507,4/15/07,4,7,Q1,2007
41607,4/16/07,4,7,Q1,2007
41707,4/17/07,4,7,Q1,2007
41807,4/18/07,4,7,Q1,2007
41907,4/19/07,4,7,Q1,2007
42007,4/20/07,4,7,Q1,2007
42107,4/21/07,4,7,Q1,2007
42207,4/22/07,4,7,Q1,2007
42307,4/23/07,4,7,Q1,2007
42407,4/24/07,4,7,Q1,2007
42507,4/25/07,4,7,Q1,2007
42607,4/26/07,4,7,Q1,2007
42707,4/27/07,4,7,Q1,2007
42807,4/28/07,4,7,Q1,2007
42907,4/29/07,4,7,Q1,2007
43007,4/30/07,4,7,Q1,2007
50107,5/1/07,5,7,Q1,2007
50207,5/2/07,5,7,Q1,2007
50307,5/3/07,5,7,Q1,2007
50407,5/4/07,5,7,Q1,2007
50507,5/5/07,5,7,Q1,2007
50607,5/6/07,5,7,Q1,2007
50707,5/7/07,5,7,Q1,2007
50807,5/8/07,5,7,Q1,2007
50907,5/9/07,5,7,Q1,2007
51007,5/10/07,5,7,Q1,2007
51107,5/11/07,5,7,Q1,2007
51207,5/12/07,5,7,Q1,2007
51307,5/13/07,5,7,Q1,2007
51407,5/14/07,5,7,Q1,2007
51507,5/15/07,5,7,Q1,2007
51607,5/16/07,5,7,Q1,2007
51707,5/17/07,5,7,Q1,2007
51807,5/18/07,5,7,Q1,2007
51907,5/19/07,5,7,Q1,2007
52007,5/20/07,5,7,Q1,2007
52107,5/21/07,5,7,Q1,2007
52207,5/22/07,5,7,Q1,2007
52307,5/23/07,5,7,Q1,2007
52407,5/24/07,5,7,Q1,2007
52507,5/25/07,5,7,Q1,2007
52607,5/26/07,5,7,Q1,2007
52707,5/27/07,5,7,Q1,2007
52807,5/28/07,5,7,Q1,2007
52907,5/29/07,5,7,Q1,2007
53007,5/30/07,5,7,Q1,2007
53107,5/31/07,5,7,Q1,2007
60107,6/1/07,6,7,Q1,2007
60207,6/2/07,6,7,Q1,2007
60307,6/3/07,6,7,Q1,2007
60407,6/4/07,6,7,Q1,2007
60507,6/5/07,6,7,Q1,2007
60607,6/6/07,6,7,Q1,2007
60707,6/7/07,6,7,Q1,2007
60807,6/8/07,6,7,Q1,2007
60907,6/9/07,6,7,Q1,2007
61007,6/10/07,6,7,Q1,2007
61107,6/11/07,6,7,Q1,2007
61207,6/12/07,6,7,Q1,2007
61307,6/13/07,6,7,Q1,2007
61407,6/14/07,6,7,Q1,2007
61507,6/15/07,6,7,Q1,2007
61607,6/16/07,6,7,Q1,2007
61707,6/17/07,6,7,Q1,2007
61807,6/18/07,6,7,Q1,2007
61907,6/19/07,6,7,Q1,2007
62007,6/20/07,6,7,Q1,2007
62107,6/21/07,6,7,Q1,2007
62207,6/22/07,6,7,Q1,2007
62307,6/23/07,6,7,Q1,2007
62407,6/24/07,6,7,Q1,2007
62507,6/25/07,6,7,Q1,2007
62607,6/26/07,6,7,Q1,2007
62707,6/27/07,6,7,Q1,2007
62807,6/28/07,6,7,Q1,2007
62907,6/29/07,6,7,Q1,2007
63007,6/30/07,6,7,Q1,2007
70107,7/1/07,7,7,Q2,2007
70207,7/2/07,7,7,Q2,2007
70307,7/3/07,7,7,Q2,2007
70407,7/4/07,7,7,Q2,2007
70507,7/5/07,7,7,Q2,2007
70607,7/6/07,7,7,Q2,2007
70707,7/7/07,7,7,Q2,2007
70807,7/8/07,7,7,Q2,2007
70907,7/9/07,7,7,Q2,2007
71007,7/10/07,7,7,Q2,2007
71107,7/11/07,7,7,Q2,2007
71207,7/12/07,7,7,Q2,2007
71307,7/13/07,7,7,Q2,2007
71407,7/14/07,7,7,Q2,2007
71507,7/15/07,7,7,Q2,2007
71607,7/16/07,7,7,Q2,2007
71707,7/17/07,7,7,Q2,2007
71807,7/18/07,7,7,Q2,2007
71907,7/19/07,7,7,Q2,2007
72007,7/20/07,7,7,Q2,2007
72107,7/21/07,7,7,Q2,2007
72207,7/22/07,7,7,Q2,2007
72307,7/23/07,7,7,Q2,2007
72407,7/24/07,7,7,Q2,2007
72507,7/25/07,7,7,Q2,2007
72607,7/26/07,7,7,Q2,2007
72707,7/27/07,7,7,Q2,2007
72807,7/28/07,7,7,Q2,2007
72907,7/29/07,7,7,Q2,2007
73007,7/30/07,7,7,Q2,2007
73107,7/31/07,7,7,Q2,2007
80107,8/1/07,8,7,Q2,2007
80207,8/2/07,8,7,Q2,2007
80307,8/3/07,8,7,Q2,2007
80407,8/4/07,8,7,Q2,2007
80507,8/5/07,8,7,Q2,2007
80607,8/6/07,8,7,Q2,2007
80707,8/7/07,8,7,Q2,2007
80807,8/8/07,8,7,Q2,2007
80907,8/9/07,8,7,Q2,2007
81007,8/10/07,8,7,Q2,2007
81107,8/11/07,8,7,Q2,2007
81207,8/12/07,8,7,Q2,2007
81307,8/13/07,8,7,Q2,2007
81407,8/14/07,8,7,Q2,2007
81507,8/15/07,8,7,Q2,2007
81607,8/16/07,8,7,Q2,2007
81707,8/17/07,8,7,Q2,2007
81807,8/18/07,8,7,Q2,2007
81907,8/19/07,8,7,Q2,2007
82007,8/20/07,8,7,Q2,2007
82107,8/21/07,8,7,Q2,2007
82207,8/22/07,8,7,Q2,2007
82307,8/23/07,8,7,Q2,2007
82407,8/24/07,8,7,Q2,2007
82507,8/25/07,8,7,Q2,2007
82607,8/26/07,8,7,Q2,2007
82707,8/27/07,8,7,Q2,2007
82807,8/28/07,8,7,Q2,2007
82907,8/29/07,8,7,Q2,2007
83007,8/30/07,8,7,Q2,2007
83107,8/31/07,8,7,Q2,2007
90107,9/1/07,9,7,Q2,2007
90207,9/2/07,9,7,Q2,2007
90307,9/3/07,9,7,Q2,2007
90407,9/4/07,9,7,Q2,2007
90507,9/5/07,9,7,Q2,2007
90607,9/6/07,9,7,Q2,2007
90707,9/7/07,9,7,Q2,2007
90807,9/8/07,9,7,Q2,2007
90907,9/9/07,9,7,Q2,2007
91007,9/10/07,9,7,Q2,2007
91107,9/11/07,9,7,Q2,2007
91207,9/12/07,9,7,Q2,2007
91307,9/13/07,9,7,Q2,2007
91407,9/14/07,9,7,Q2,2007
91507,9/15/07,9,7,Q2,2007
91607,9/16/07,9,7,Q2,2007
91707,9/17/07,9,7,Q2,2007
91807,9/18/07,9,7,Q2,2007
91907,9/19/07,9,7,Q2,2007
92007,9/20/07,9,7,Q2,2007
92107,9/21/07,9,7,Q2,2007
92207,9/22/07,9,7,Q2,2007
92307,9/23/07,9,7,Q2,2007
92407,9/24/07,9,7,Q2,2007
92507,9/25/07,9,7,Q2,2007
92607,9/26/07,9,7,Q2,2007
92707,9/27/07,9,7,Q2,2007
92807,9/28/07,9,7,Q2,2007
92907,9/29/07,9,7,Q2,2007
93007,9/30/07,9,7,Q2,2007
100107,10/1/07,10,7,Q3,2007
100207,10/2/07,10,7,Q3,2007
100307,10/3/07,10,7,Q3,2007
100407,10/4/07,10,7,Q3,2007
100507,10/5/07,10,7,Q3,2007
100607,10/6/07,10,7,Q3,2007
100707,10/7/07,10,7,Q3,2007
100807,10/8/07,10,7,Q3,2007
100907,10/9/07,10,7,Q3,2007
101007,10/10/07,10,7,Q3,2007
101107,10/11/07,10,7,Q3,2007
101207,10/12/07,10,7,Q3,2007
101307,10/13/07,10,7,Q3,2007
101407,10/14/07,10,7,Q3,2007
101507,10/15/07,10,7,Q3,2007
101607,10/16/07,10,7,Q3,2007
101707,10/17/07,10,7,Q3,2007
101807,10/18/07,10,7,Q3,2007
101907,10/19/07,10,7,Q3,2007
102007,10/20/07,10,7,Q3,2007
102107,10/21/07,10,7,Q3,2007
102207,10/22/07,10,7,Q3,2007
102307,10/23/07,10,7,Q3,2007
102407,10/24/07,10,7,Q3,2007
102507,10/25/07,10,7,Q3,2007
102607,10/26/07,10,7,Q3,2007
102707,10/27/07,10,7,Q3,2007
102807,10/28/07,10,7,Q3,2007
102907,10/29/07,10,7,Q3,2007
103007,10/30/07,10,7,Q3,2007
103107,10/31/07,10,7,Q3,2007
110107,11/1/07,11,7,Q3,2007
110207,11/2/07,11,7,Q3,2007
110307,11/3/07,11,7,Q3,2007
110407,11/4/07,11,7,Q3,2007
110507,11/5/07,11,7,Q3,2007
110607,11/6/07,11,7,Q3,2007
110707,11/7/07,11,7,Q3,2007
110807,11/8/07,11,7,Q3,2007
110907,11/9/07,11,7,Q3,2007
111007,11/10/07,11,7,Q3,2007
111107,11/11/07,11,7,Q3,2007
111207,11/12/07,11,7,Q3,2007
111307,11/13/07,11,7,Q3,2007
111407,11/14/07,11,7,Q3,2007
111507,11/15/07,11,7,Q3,2007
111607,11/16/07,11,7,Q3,2007
111707,11/17/07,11,7,Q3,2007
111807,11/18/07,11,7,Q3,2007
111907,11/19/07,11,7,Q3,2007
112007,11/20/07,11,7,Q3,2007
112107,11/21/07,11,7,Q3,2007
112207,11/22/07,11,7,Q3,2007
112307,11/23/07,11,7,Q3,2007
112407,11/24/07,11,7,Q3,2007
112507,11/25/07,11,7,Q3,2007
112607,11/26/07,11,7,Q3,2007
112707,11/27/07,11,7,Q3,2007
112807,11/28/07,11,7,Q3,2007
112907,11/29/07,11,7,Q3,2007
113007,11/30/07,11,7,Q3,2007
120107,12/1/07,12,7,Q3,2007
120207,12/2/07,12,7,Q3,2007
120307,12/3/07,12,7,Q3,2007
120407,12/4/07,12,7,Q3,2007
120507,12/5/07,12,7,Q3,2007
120607,12/6/07,12,7,Q3,2007
120707,12/7/07,12,7,Q3,2007
120807,12/8/07,12,7,Q3,2007
120907,12/9/07,12,7,Q3,2007
121007,12/10/07,12,7,Q3,2007
121107,12/11/07,12,7,Q3,2007
121207,12/12/07,12,7,Q3,2007
121307,12/13/07,12,7,Q3,2007
121407,12/14/07,12,7,Q3,2007
121507,12/15/07,12,7,Q3,2007
121607,12/16/07,12,7,Q3,2007
121707,12/17/07,12,7,Q3,2007
121807,12/18/07,12,7,Q3,2007
121907,12/19/07,12,7,Q3,2007
122007,12/20/07,12,7,Q3,2007
122107,12/21/07,12,7,Q3,2007
122207,12/22/07,12,7,Q3,2007
122307,12/23/07,12,7,Q3,2007
122407,12/24/07,12,7,Q3,2007
122507,12/25/07,12,7,Q3,2007
122607,12/26/07,12,7,Q3,2007
122707,12/27/07,12,7,Q3,2007
122807,12/28/07,12,7,Q3,2007
122907,12/29/07,12,7,Q3,2007
123007,12/30/07,12,7,Q3,2007
123107,12/31/07,12,7,Q3,2007
10108,1/1/08,1,8,Q4,2007
10208,1/2/08,1,8,Q4,2007
10308,1/3/08,1,8,Q4,2007
10408,1/4/08,1,8,Q4,2007
10508,1/5/08,1,8,Q4,2007
10608,1/6/08,1,8,Q4,2007
10708,1/7/08,1,8,Q4,2007
10808,1/8/08,1,8,Q4,2007
10908,1/9/08,1,8,Q4,2007
11008,1/10/08,1,8,Q4,2007
11108,1/11/08,1,8,Q4,2007
11208,1/12/08,1,8,Q4,2007
11308,1/13/08,1,8,Q4,2007
11408,1/14/08,1,8,Q4,2007
11508,1/15/08,1,8,Q4,2007
11608,1/16/08,1,8,Q4,2007
11708,1/17/08,1,8,Q4,2007
11808,1/18/08,1,8,Q4,2007
11908,1/19/08,1,8,Q4,2007
12008,1/20/08,1,8,Q4,2007
12108,1/21/08,1,8,Q4,2007
12208,1/22/08,1,8,Q4,2007
12308,1/23/08,1,8,Q4,2007
12408,1/24/08,1,8,Q4,2007
12508,1/25/08,1,8,Q4,2007
12608,1/26/08,1,8,Q4,2007
12708,1/27/08,1,8,Q4,2007
12808,1/28/08,1,8,Q4,2007
12908,1/29/08,1,8,Q4,2007
13008,1/30/08,1,8,Q4,2007
13108,1/31/08,1,8,Q4,2007
20108,2/1/08,2,8,Q4,2007
20208,2/2/08,2,8,Q4,2007
20308,2/3/08,2,8,Q4,2007
20408,2/4/08,2,8,Q4,2007
20508,2/5/08,2,8,Q4,2007
20608,2/6/08,2,8,Q4,2007
20708,2/7/08,2,8,Q4,2007
20808,2/8/08,2,8,Q4,2007
20908,2/9/08,2,8,Q4,2007
21008,2/10/08,2,8,Q4,2007
21108,2/11/08,2,8,Q4,2007
21208,2/12/08,2,8,Q4,2007
21308,2/13/08,2,8,Q4,2007
21408,2/14/08,2,8,Q4,2007
21508,2/15/08,2,8,Q4,2007
21608,2/16/08,2,8,Q4,2007
21708,2/17/08,2,8,Q4,2007
21808,2/18/08,2,8,Q4,2007
21908,2/19/08,2,8,Q4,2007
22008,2/20/08,2,8,Q4,2007
22108,2/21/08,2,8,Q4,2007
22208,2/22/08,2,8,Q4,2007
22308,2/23/08,2,8,Q4,2007
22408,2/24/08,2,8,Q4,2007
22508,2/25/08,2,8,Q4,2007
22608,2/26/08,2,8,Q4,2007
22708,2/27/08,2,8,Q4,2007
22808,2/28/08,2,8,Q4,2007
22908,2/29/08,2,8,Q4,2007
30108,3/1/08,3,8,Q4,2007
30208,3/2/08,3,8,Q4,2007
30308,3/3/08,3,8,Q4,2007
30408,3/4/08,3,8,Q4,2007
30508,3/5/08,3,8,Q4,2007
30608,3/6/08,3,8,Q4,2007
30708,3/7/08,3,8,Q4,2007
30808,3/8/08,3,8,Q4,2007
30908,3/9/08,3,8,Q4,2007
31008,3/10/08,3,8,Q4,2007
31108,3/11/08,3,8,Q4,2007
31208,3/12/08,3,8,Q4,2007
31308,3/13/08,3,8,Q4,2007
31408,3/14/08,3,8,Q4,2007
31508,3/15/08,3,8,Q4,2007
31608,3/16/08,3,8,Q4,2007
31708,3/17/08,3,8,Q4,2007
31808,3/18/08,3,8,Q4,2007
31908,3/19/08,3,8,Q4,2007
32008,3/20/08,3,8,Q4,2007
32108,3/21/08,3,8,Q4,2007
32208,3/22/08,3,8,Q4,2007
32308,3/23/08,3,8,Q4,2007
32408,3/24/08,3,8,Q4,2007
32508,3/25/08,3,8,Q4,2007
32608,3/26/08,3,8,Q4,2007
32708,3/27/08,3,8,Q4,2007
32808,3/28/08,3,8,Q4,2007
32908,3/29/08,3,8,Q4,2007
33008,3/30/08,3,8,Q4,2007
33108,3/31/08,3,8,Q4,2007
40108,4/1/08,4,8,Q1,2008
40208,4/2/08,4,8,Q1,2008
40308,4/3/08,4,8,Q1,2008
40408,4/4/08,4,8,Q1,2008
40508,4/5/08,4,8,Q1,2008
40608,4/6/08,4,8,Q1,2008
40708,4/7/08,4,8,Q1,2008
40808,4/8/08,4,8,Q1,2008
40908,4/9/08,4,8,Q1,2008
41008,4/10/08,4,8,Q1,2008
41108,4/11/08,4,8,Q1,2008
41208,4/12/08,4,8,Q1,2008
41308,4/13/08,4,8,Q1,2008
41408,4/14/08,4,8,Q1,2008
41508,4/15/08,4,8,Q1,2008
41608,4/16/08,4,8,Q1,2008
41708,4/17/08,4,8,Q1,2008
41808,4/18/08,4,8,Q1,2008
41908,4/19/08,4,8,Q1,2008
42008,4/20/08,4,8,Q1,2008
42108,4/21/08,4,8,Q1,2008
42208,4/22/08,4,8,Q1,2008
42308,4/23/08,4,8,Q1,2008
42408,4/24/08,4,8,Q1,2008
42508,4/25/08,4,8,Q1,2008
42608,4/26/08,4,8,Q1,2008
42708,4/27/08,4,8,Q1,2008
42808,4/28/08,4,8,Q1,2008
42908,4/29/08,4,8,Q1,2008
43008,4/30/08,4,8,Q1,2008
50108,5/1/08,5,8,Q1,2008
50208,5/2/08,5,8,Q1,2008
50308,5/3/08,5,8,Q1,2008
50408,5/4/08,5,8,Q1,2008
50508,5/5/08,5,8,Q1,2008
50608,5/6/08,5,8,Q1,2008
50708,5/7/08,5,8,Q1,2008
50808,5/8/08,5,8,Q1,2008
50908,5/9/08,5,8,Q1,2008
51008,5/10/08,5,8,Q1,2008
51108,5/11/08,5,8,Q1,2008
51208,5/12/08,5,8,Q1,2008
51308,5/13/08,5,8,Q1,2008
51408,5/14/08,5,8,Q1,2008
51508,5/15/08,5,8,Q1,2008
51608,5/16/08,5,8,Q1,2008
51708,5/17/08,5,8,Q1,2008
51808,5/18/08,5,8,Q1,2008
51908,5/19/08,5,8,Q1,2008
52008,5/20/08,5,8,Q1,2008
52108,5/21/08,5,8,Q1,2008
52208,5/22/08,5,8,Q1,2008
52308,5/23/08,5,8,Q1,2008
52408,5/24/08,5,8,Q1,2008
52508,5/25/08,5,8,Q1,2008
52608,5/26/08,5,8,Q1,2008
52708,5/27/08,5,8,Q1,2008
52808,5/28/08,5,8,Q1,2008
52908,5/29/08,5,8,Q1,2008
53008,5/30/08,5,8,Q1,2008
53108,5/31/08,5,8,Q1,2008
60108,6/1/08,6,8,Q1,2008
60208,6/2/08,6,8,Q1,2008
60308,6/3/08,6,8,Q1,2008
60408,6/4/08,6,8,Q1,2008
60508,6/5/08,6,8,Q1,2008
60608,6/6/08,6,8,Q1,2008
60708,6/7/08,6,8,Q1,2008
60808,6/8/08,6,8,Q1,2008
60908,6/9/08,6,8,Q1,2008
61008,6/10/08,6,8,Q1,2008
61108,6/11/08,6,8,Q1,2008
61208,6/12/08,6,8,Q1,2008
61308,6/13/08,6,8,Q1,2008
61408,6/14/08,6,8,Q1,2008
61508,6/15/08,6,8,Q1,2008
61608,6/16/08,6,8,Q1,2008
61708,6/17/08,6,8,Q1,2008
61808,6/18/08,6,8,Q1,2008
61908,6/19/08,6,8,Q1,2008
62008,6/20/08,6,8,Q1,2008
62108,6/21/08,6,8,Q1,2008
62208,6/22/08,6,8,Q1,2008
62308,6/23/08,6,8,Q1,2008
62408,6/24/08,6,8,Q1,2008
62508,6/25/08,6,8,Q1,2008
62608,6/26/08,6,8,Q1,2008
62708,6/27/08,6,8,Q1,2008
62808,6/28/08,6,8,Q1,2008
62908,6/29/08,6,8,Q1,2008
63008,6/30/08,6,8,Q1,2008
70108,7/1/08,7,8,Q2,2008
70208,7/2/08,7,8,Q2,2008
70308,7/3/08,7,8,Q2,2008
70408,7/4/08,7,8,Q2,2008
70508,7/5/08,7,8,Q2,2008
70608,7/6/08,7,8,Q2,2008
70708,7/7/08,7,8,Q2,2008
70808,7/8/08,7,8,Q2,2008
70908,7/9/08,7,8,Q2,2008
71008,7/10/08,7,8,Q2,2008
71108,7/11/08,7,8,Q2,2008
71208,7/12/08,7,8,Q2,2008
71308,7/13/08,7,8,Q2,2008
71408,7/14/08,7,8,Q2,2008
71508,7/15/08,7,8,Q2,2008
71608,7/16/08,7,8,Q2,2008
71708,7/17/08,7,8,Q2,2008
71808,7/18/08,7,8,Q2,2008
71908,7/19/08,7,8,Q2,2008
72008,7/20/08,7,8,Q2,2008
72108,7/21/08,7,8,Q2,2008
72208,7/22/08,7,8,Q2,2008
72308,7/23/08,7,8,Q2,2008
72408,7/24/08,7,8,Q2,2008
72508,7/25/08,7,8,Q2,2008
72608,7/26/08,7,8,Q2,2008
72708,7/27/08,7,8,Q2,2008
72808,7/28/08,7,8,Q2,2008
72908,7/29/08,7,8,Q2,2008
73008,7/30/08,7,8,Q2,2008
73108,7/31/08,7,8,Q2,2008
80108,8/1/08,8,8,Q2,2008
80208,8/2/08,8,8,Q2,2008
80308,8/3/08,8,8,Q2,2008
80408,8/4/08,8,8,Q2,2008
80508,8/5/08,8,8,Q2,2008
80608,8/6/08,8,8,Q2,2008
80708,8/7/08,8,8,Q2,2008
80808,8/8/08,8,8,Q2,2008
80908,8/9/08,8,8,Q2,2008
81008,8/10/08,8,8,Q2,2008
81108,8/11/08,8,8,Q2,2008
81208,8/12/08,8,8,Q2,2008
81308,8/13/08,8,8,Q2,2008
81408,8/14/08,8,8,Q2,2008
81508,8/15/08,8,8,Q2,2008
81608,8/16/08,8,8,Q2,2008
81708,8/17/08,8,8,Q2,2008
81808,8/18/08,8,8,Q2,2008
81908,8/19/08,8,8,Q2,2008
82008,8/20/08,8,8,Q2,2008
82108,8/21/08,8,8,Q2,2008
82208,8/22/08,8,8,Q2,2008
82308,8/23/08,8,8,Q2,2008
82408,8/24/08,8,8,Q2,2008
82508,8/25/08,8,8,Q2,2008
82608,8/26/08,8,8,Q2,2008
82708,8/27/08,8,8,Q2,2008
82808,8/28/08,8,8,Q2,2008
82908,8/29/08,8,8,Q2,2008
83008,8/30/08,8,8,Q2,2008
83108,8/31/08,8,8,Q2,2008
90108,9/1/08,9,8,Q2,2008
90208,9/2/08,9,8,Q2,2008
90308,9/3/08,9,8,Q2,2008
90408,9/4/08,9,8,Q2,2008
90508,9/5/08,9,8,Q2,2008
90608,9/6/08,9,8,Q2,2008
90708,9/7/08,9,8,Q2,2008
90808,9/8/08,9,8,Q2,2008
90908,9/9/08,9,8,Q2,2008
91008,9/10/08,9,8,Q2,2008
91108,9/11/08,9,8,Q2,2008
91208,9/12/08,9,8,Q2,2008
91308,9/13/08,9,8,Q2,2008
91408,9/14/08,9,8,Q2,2008
91508,9/15/08,9,8,Q2,2008
91608,9/16/08,9,8,Q2,2008
91708,9/17/08,9,8,Q2,2008
91808,9/18/08,9,8,Q2,2008
91908,9/19/08,9,8,Q2,2008
92008,9/20/08,9,8,Q2,2008
92108,9/21/08,9,8,Q2,2008
92208,9/22/08,9,8,Q2,2008
92308,9/23/08,9,8,Q2,2008
92408,9/24/08,9,8,Q2,2008
92508,9/25/08,9,8,Q2,2008
92608,9/26/08,9,8,Q2,2008
92708,9/27/08,9,8,Q2,2008
92808,9/28/08,9,8,Q2,2008
92908,9/29/08,9,8,Q2,2008
93008,9/30/08,9,8,Q2,2008
100108,10/1/08,10,8,Q3,2008
100208,10/2/08,10,8,Q3,2008
100308,10/3/08,10,8,Q3,2008
100408,10/4/08,10,8,Q3,2008
100508,10/5/08,10,8,Q3,2008
100608,10/6/08,10,8,Q3,2008
100708,10/7/08,10,8,Q3,2008
100808,10/8/08,10,8,Q3,2008
100908,10/9/08,10,8,Q3,2008
101008,10/10/08,10,8,Q3,2008
101108,10/11/08,10,8,Q3,2008
101208,10/12/08,10,8,Q3,2008
101308,10/13/08,10,8,Q3,2008
101408,10/14/08,10,8,Q3,2008
101508,10/15/08,10,8,Q3,2008
101608,10/16/08,10,8,Q3,2008
101708,10/17/08,10,8,Q3,2008
101808,10/18/08,10,8,Q3,2008
101908,10/19/08,10,8,Q3,2008
102008,10/20/08,10,8,Q3,2008
102108,10/21/08,10,8,Q3,2008
102208,10/22/08,10,8,Q3,2008
102308,10/23/08,10,8,Q3,2008
102408,10/24/08,10,8,Q3,2008
102508,10/25/08,10,8,Q3,2008
102608,10/26/08,10,8,Q3,2008
102708,10/27/08,10,8,Q3,2008
102808,10/28/08,10,8,Q3,2008
102908,10/29/08,10,8,Q3,2008
103008,10/30/08,10,8,Q3,2008
103108,10/31/08,10,8,Q3,2008
110108,11/1/08,11,8,Q3,2008
110208,11/2/08,11,8,Q3,2008
110308,11/3/08,11,8,Q3,2008
110408,11/4/08,11,8,Q3,2008
110508,11/5/08,11,8,Q3,2008
110608,11/6/08,11,8,Q3,2008
110708,11/7/08,11,8,Q3,2008
110808,11/8/08,11,8,Q3,2008
110908,11/9/08,11,8,Q3,2008
111008,11/10/08,11,8,Q3,2008
111108,11/11/08,11,8,Q3,2008
111208,11/12/08,11,8,Q3,2008
111308,11/13/08,11,8,Q3,2008
111408,11/14/08,11,8,Q3,2008
111508,11/15/08,11,8,Q3,2008
111608,11/16/08,11,8,Q3,2008
111708,11/17/08,11,8,Q3,2008
111808,11/18/08,11,8,Q3,2008
111908,11/19/08,11,8,Q3,2008
112008,11/20/08,11,8,Q3,2008
112108,11/21/08,11,8,Q3,2008
112208,11/22/08,11,8,Q3,2008
112308,11/23/08,11,8,Q3,2008
112408,11/24/08,11,8,Q3,2008
112508,11/25/08,11,8,Q3,2008
112608,11/26/08,11,8,Q3,2008
112708,11/27/08,11,8,Q3,2008
112808,11/28/08,11,8,Q3,2008
112908,11/29/08,11,8,Q3,2008
113008,11/30/08,11,8,Q3,2008
120108,12/1/08,12,8,Q3,2008
120208,12/2/08,12,8,Q3,2008
120308,12/3/08,12,8,Q3,2008
120408,12/4/08,12,8,Q3,2008
120508,12/5/08,12,8,Q3,2008
120608,12/6/08,12,8,Q3,2008
120708,12/7/08,12,8,Q3,2008
120808,12/8/08,12,8,Q3,2008
120908,12/9/08,12,8,Q3,2008
121008,12/10/08,12,8,Q3,2008
121108,12/11/08,12,8,Q3,2008
121208,12/12/08,12,8,Q3,2008
121308,12/13/08,12,8,Q3,2008
121408,12/14/08,12,8,Q3,2008
121508,12/15/08,12,8,Q3,2008
121608,12/16/08,12,8,Q3,2008
121708,12/17/08,12,8,Q3,2008
121808,12/18/08,12,8,Q3,2008
121908,12/19/08,12,8,Q3,2008
122008,12/20/08,12,8,Q3,2008
122108,12/21/08,12,8,Q3,2008
122208,12/22/08,12,8,Q3,2008
122308,12/23/08,12,8,Q3,2008
122408,12/24/08,12,8,Q3,2008
122508,12/25/08,12,8,Q3,2008
122608,12/26/08,12,8,Q3,2008
122708,12/27/08,12,8,Q3,2008
122808,12/28/08,12,8,Q3,2008
122908,12/29/08,12,8,Q3,2008
123008,12/30/08,12,8,Q3,2008
123108,12/31/08,12,8,Q3,2008
10109,1/1/09,1,9,Q4,2008
10209,1/2/09,1,9,Q4,2008
10309,1/3/09,1,9,Q4,2008
10409,1/4/09,1,9,Q4,2008
10509,1/5/09,1,9,Q4,2008
10609,1/6/09,1,9,Q4,2008
10709,1/7/09,1,9,Q4,2008
10809,1/8/09,1,9,Q4,2008
10909,1/9/09,1,9,Q4,2008
11009,1/10/09,1,9,Q4,2008
11109,1/11/09,1,9,Q4,2008
11209,1/12/09,1,9,Q4,2008
11309,1/13/09,1,9,Q4,2008
11409,1/14/09,1,9,Q4,2008
11509,1/15/09,1,9,Q4,2008
11609,1/16/09,1,9,Q4,2008
11709,1/17/09,1,9,Q4,2008
11809,1/18/09,1,9,Q4,2008
11909,1/19/09,1,9,Q4,2008
12009,1/20/09,1,9,Q4,2008
12109,1/21/09,1,9,Q4,2008
12209,1/22/09,1,9,Q4,2008
12309,1/23/09,1,9,Q4,2008
12409,1/24/09,1,9,Q4,2008
12509,1/25/09,1,9,Q4,2008
12609,1/26/09,1,9,Q4,2008
12709,1/27/09,1,9,Q4,2008
12809,1/28/09,1,9,Q4,2008
12909,1/29/09,1,9,Q4,2008
13009,1/30/09,1,9,Q4,2008
13109,1/31/09,1,9,Q4,2008
20109,2/1/09,2,9,Q4,2008
20209,2/2/09,2,9,Q4,2008
20309,2/3/09,2,9,Q4,2008
20409,2/4/09,2,9,Q4,2008
20509,2/5/09,2,9,Q4,2008
20609,2/6/09,2,9,Q4,2008
20709,2/7/09,2,9,Q4,2008
20809,2/8/09,2,9,Q4,2008
20909,2/9/09,2,9,Q4,2008
21009,2/10/09,2,9,Q4,2008
21109,2/11/09,2,9,Q4,2008
21209,2/12/09,2,9,Q4,2008
21309,2/13/09,2,9,Q4,2008
21409,2/14/09,2,9,Q4,2008
21509,2/15/09,2,9,Q4,2008
21609,2/16/09,2,9,Q4,2008
21709,2/17/09,2,9,Q4,2008
21809,2/18/09,2,9,Q4,2008
21909,2/19/09,2,9,Q4,2008
22009,2/20/09,2,9,Q4,2008
22109,2/21/09,2,9,Q4,2008
22209,2/22/09,2,9,Q4,2008
22309,2/23/09,2,9,Q4,2008
22409,2/24/09,2,9,Q4,2008
22509,2/25/09,2,9,Q4,2008
22609,2/26/09,2,9,Q4,2008
22709,2/27/09,2,9,Q4,2008
22809,2/28/09,2,9,Q4,2008
30109,3/1/09,3,9,Q4,2008
30209,3/2/09,3,9,Q4,2008
30309,3/3/09,3,9,Q4,2008
30409,3/4/09,3,9,Q4,2008
30509,3/5/09,3,9,Q4,2008
30609,3/6/09,3,9,Q4,2008
30709,3/7/09,3,9,Q4,2008
30809,3/8/09,3,9,Q4,2008
30909,3/9/09,3,9,Q4,2008
31009,3/10/09,3,9,Q4,2008
31109,3/11/09,3,9,Q4,2008
31209,3/12/09,3,9,Q4,2008
31309,3/13/09,3,9,Q4,2008
31409,3/14/09,3,9,Q4,2008
31509,3/15/09,3,9,Q4,2008
31609,3/16/09,3,9,Q4,2008
31709,3/17/09,3,9,Q4,2008
31809,3/18/09,3,9,Q4,2008
31909,3/19/09,3,9,Q4,2008
32009,3/20/09,3,9,Q4,2008
32109,3/21/09,3,9,Q4,2008
32209,3/22/09,3,9,Q4,2008
32309,3/23/09,3,9,Q4,2008
32409,3/24/09,3,9,Q4,2008
32509,3/25/09,3,9,Q4,2008
32609,3/26/09,3,9,Q4,2008
32709,3/27/09,3,9,Q4,2008
32809,3/28/09,3,9,Q4,2008
32909,3/29/09,3,9,Q4,2008
33009,3/30/09,3,9,Q4,2008
33109,3/31/09,3,9,Q4,2008
40109,4/1/09,4,9,Q1,2009
40209,4/2/09,4,9,Q1,2009
40309,4/3/09,4,9,Q1,2009
40409,4/4/09,4,9,Q1,2009
40509,4/5/09,4,9,Q1,2009
40609,4/6/09,4,9,Q1,2009
40709,4/7/09,4,9,Q1,2009
40809,4/8/09,4,9,Q1,2009
40909,4/9/09,4,9,Q1,2009
41009,4/10/09,4,9,Q1,2009
41109,4/11/09,4,9,Q1,2009
41209,4/12/09,4,9,Q1,2009
41309,4/13/09,4,9,Q1,2009
41409,4/14/09,4,9,Q1,2009
41509,4/15/09,4,9,Q1,2009
41609,4/16/09,4,9,Q1,2009
41709,4/17/09,4,9,Q1,2009
41809,4/18/09,4,9,Q1,2009
41909,4/19/09,4,9,Q1,2009
42009,4/20/09,4,9,Q1,2009
42109,4/21/09,4,9,Q1,2009
42209,4/22/09,4,9,Q1,2009
42309,4/23/09,4,9,Q1,2009
42409,4/24/09,4,9,Q1,2009
42509,4/25/09,4,9,Q1,2009
42609,4/26/09,4,9,Q1,2009
42709,4/27/09,4,9,Q1,2009
42809,4/28/09,4,9,Q1,2009
42909,4/29/09,4,9,Q1,2009
43009,4/30/09,4,9,Q1,2009
50109,5/1/09,5,9,Q1,2009
50209,5/2/09,5,9,Q1,2009
50309,5/3/09,5,9,Q1,2009
50409,5/4/09,5,9,Q1,2009
50509,5/5/09,5,9,Q1,2009
50609,5/6/09,5,9,Q1,2009
50709,5/7/09,5,9,Q1,2009
50809,5/8/09,5,9,Q1,2009
50909,5/9/09,5,9,Q1,2009
51009,5/10/09,5,9,Q1,2009
51109,5/11/09,5,9,Q1,2009
51209,5/12/09,5,9,Q1,2009
51309,5/13/09,5,9,Q1,2009
51409,5/14/09,5,9,Q1,2009
51509,5/15/09,5,9,Q1,2009
51609,5/16/09,5,9,Q1,2009
51709,5/17/09,5,9,Q1,2009
51809,5/18/09,5,9,Q1,2009
51909,5/19/09,5,9,Q1,2009
52009,5/20/09,5,9,Q1,2009
52109,5/21/09,5,9,Q1,2009
52209,5/22/09,5,9,Q1,2009
52309,5/23/09,5,9,Q1,2009
52409,5/24/09,5,9,Q1,2009
52509,5/25/09,5,9,Q1,2009
52609,5/26/09,5,9,Q1,2009
52709,5/27/09,5,9,Q1,2009
52809,5/28/09,5,9,Q1,2009
52909,5/29/09,5,9,Q1,2009
53009,5/30/09,5,9,Q1,2009
53109,5/31/09,5,9,Q1,2009
60109,6/1/09,6,9,Q1,2009
60209,6/2/09,6,9,Q1,2009
60309,6/3/09,6,9,Q1,2009
60409,6/4/09,6,9,Q1,2009
60509,6/5/09,6,9,Q1,2009
60609,6/6/09,6,9,Q1,2009
60709,6/7/09,6,9,Q1,2009
60809,6/8/09,6,9,Q1,2009
60909,6/9/09,6,9,Q1,2009
61009,6/10/09,6,9,Q1,2009
61109,6/11/09,6,9,Q1,2009
61209,6/12/09,6,9,Q1,2009
61309,6/13/09,6,9,Q1,2009
61409,6/14/09,6,9,Q1,2009
61509,6/15/09,6,9,Q1,2009
61609,6/16/09,6,9,Q1,2009
61709,6/17/09,6,9,Q1,2009
61809,6/18/09,6,9,Q1,2009
61909,6/19/09,6,9,Q1,2009
62009,6/20/09,6,9,Q1,2009
62109,6/21/09,6,9,Q1,2009
62209,6/22/09,6,9,Q1,2009
62309,6/23/09,6,9,Q1,2009
62409,6/24/09,6,9,Q1,2009
62509,6/25/09,6,9,Q1,2009
62609,6/26/09,6,9,Q1,2009
62709,6/27/09,6,9,Q1,2009
62809,6/28/09,6,9,Q1,2009
62909,6/29/09,6,9,Q1,2009
63009,6/30/09,6,9,Q1,2009
70109,7/1/09,7,9,Q2,2009
70209,7/2/09,7,9,Q2,2009
70309,7/3/09,7,9,Q2,2009
70409,7/4/09,7,9,Q2,2009
70509,7/5/09,7,9,Q2,2009
70609,7/6/09,7,9,Q2,2009
70709,7/7/09,7,9,Q2,2009
70809,7/8/09,7,9,Q2,2009
70909,7/9/09,7,9,Q2,2009
71009,7/10/09,7,9,Q2,2009
71109,7/11/09,7,9,Q2,2009
71209,7/12/09,7,9,Q2,2009
71309,7/13/09,7,9,Q2,2009
71409,7/14/09,7,9,Q2,2009
71509,7/15/09,7,9,Q2,2009
71609,7/16/09,7,9,Q2,2009
71709,7/17/09,7,9,Q2,2009
71809,7/18/09,7,9,Q2,2009
71909,7/19/09,7,9,Q2,2009
72009,7/20/09,7,9,Q2,2009
72109,7/21/09,7,9,Q2,2009
72209,7/22/09,7,9,Q2,2009
72309,7/23/09,7,9,Q2,2009
72409,7/24/09,7,9,Q2,2009
72509,7/25/09,7,9,Q2,2009
72609,7/26/09,7,9,Q2,2009
72709,7/27/09,7,9,Q2,2009
72809,7/28/09,7,9,Q2,2009
72909,7/29/09,7,9,Q2,2009
73009,7/30/09,7,9,Q2,2009
73109,7/31/09,7,9,Q2,2009
80109,8/1/09,8,9,Q2,2009
80209,8/2/09,8,9,Q2,2009
80309,8/3/09,8,9,Q2,2009
80409,8/4/09,8,9,Q2,2009
80509,8/5/09,8,9,Q2,2009
80609,8/6/09,8,9,Q2,2009
80709,8/7/09,8,9,Q2,2009
80809,8/8/09,8,9,Q2,2009
80909,8/9/09,8,9,Q2,2009
81009,8/10/09,8,9,Q2,2009
81109,8/11/09,8,9,Q2,2009
81209,8/12/09,8,9,Q2,2009
81309,8/13/09,8,9,Q2,2009
81409,8/14/09,8,9,Q2,2009
81509,8/15/09,8,9,Q2,2009
81609,8/16/09,8,9,Q2,2009
81709,8/17/09,8,9,Q2,2009
81809,8/18/09,8,9,Q2,2009
81909,8/19/09,8,9,Q2,2009
82009,8/20/09,8,9,Q2,2009
82109,8/21/09,8,9,Q2,2009
82209,8/22/09,8,9,Q2,2009
82309,8/23/09,8,9,Q2,2009
82409,8/24/09,8,9,Q2,2009
82509,8/25/09,8,9,Q2,2009
82609,8/26/09,8,9,Q2,2009
82709,8/27/09,8,9,Q2,2009
82809,8/28/09,8,9,Q2,2009
82909,8/29/09,8,9,Q2,2009
83009,8/30/09,8,9,Q2,2009
83109,8/31/09,8,9,Q2,2009
90109,9/1/09,9,9,Q2,2009
90209,9/2/09,9,9,Q2,2009
90309,9/3/09,9,9,Q2,2009
90409,9/4/09,9,9,Q2,2009
90509,9/5/09,9,9,Q2,2009
90609,9/6/09,9,9,Q2,2009
90709,9/7/09,9,9,Q2,2009
90809,9/8/09,9,9,Q2,2009
90909,9/9/09,9,9,Q2,2009
91009,9/10/09,9,9,Q2,2009
91109,9/11/09,9,9,Q2,2009
91209,9/12/09,9,9,Q2,2009
91309,9/13/09,9,9,Q2,2009
91409,9/14/09,9,9,Q2,2009
91509,9/15/09,9,9,Q2,2009
91609,9/16/09,9,9,Q2,2009
91709,9/17/09,9,9,Q2,2009
91809,9/18/09,9,9,Q2,2009
91909,9/19/09,9,9,Q2,2009
92009,9/20/09,9,9,Q2,2009
92109,9/21/09,9,9,Q2,2009
92209,9/22/09,9,9,Q2,2009
92309,9/23/09,9,9,Q2,2009
92409,9/24/09,9,9,Q2,2009
92509,9/25/09,9,9,Q2,2009
92609,9/26/09,9,9,Q2,2009
92709,9/27/09,9,9,Q2,2009
92809,9/28/09,9,9,Q2,2009
92909,9/29/09,9,9,Q2,2009
93009,9/30/09,9,9,Q2,2009
100109,10/1/09,10,9,Q3,2009
100209,10/2/09,10,9,Q3,2009
100309,10/3/09,10,9,Q3,2009
100409,10/4/09,10,9,Q3,2009
100509,10/5/09,10,9,Q3,2009
100609,10/6/09,10,9,Q3,2009
100709,10/7/09,10,9,Q3,2009
100809,10/8/09,10,9,Q3,2009
100909,10/9/09,10,9,Q3,2009
101009,10/10/09,10,9,Q3,2009
101109,10/11/09,10,9,Q3,2009
101209,10/12/09,10,9,Q3,2009
101309,10/13/09,10,9,Q3,2009
101409,10/14/09,10,9,Q3,2009
101509,10/15/09,10,9,Q3,2009
101609,10/16/09,10,9,Q3,2009
101709,10/17/09,10,9,Q3,2009
101809,10/18/09,10,9,Q3,2009
101909,10/19/09,10,9,Q3,2009
102009,10/20/09,10,9,Q3,2009
102109,10/21/09,10,9,Q3,2009
102209,10/22/09,10,9,Q3,2009
102309,10/23/09,10,9,Q3,2009
102409,10/24/09,10,9,Q3,2009
102509,10/25/09,10,9,Q3,2009
102609,10/26/09,10,9,Q3,2009
102709,10/27/09,10,9,Q3,2009
102809,10/28/09,10,9,Q3,2009
102909,10/29/09,10,9,Q3,2009
103009,10/30/09,10,9,Q3,2009
103109,10/31/09,10,9,Q3,2009
110109,11/1/09,11,9,Q3,2009
110209,11/2/09,11,9,Q3,2009
110309,11/3/09,11,9,Q3,2009
110409,11/4/09,11,9,Q3,2009
110509,11/5/09,11,9,Q3,2009
110609,11/6/09,11,9,Q3,2009
110709,11/7/09,11,9,Q3,2009
110809,11/8/09,11,9,Q3,2009
110909,11/9/09,11,9,Q3,2009
111009,11/10/09,11,9,Q3,2009
111109,11/11/09,11,9,Q3,2009
111209,11/12/09,11,9,Q3,2009
111309,11/13/09,11,9,Q3,2009
111409,11/14/09,11,9,Q3,2009
111509,11/15/09,11,9,Q3,2009
111609,11/16/09,11,9,Q3,2009
111709,11/17/09,11,9,Q3,2009
111809,11/18/09,11,9,Q3,2009
111909,11/19/09,11,9,Q3,2009
112009,11/20/09,11,9,Q3,2009
112109,11/21/09,11,9,Q3,2009
112209,11/22/09,11,9,Q3,2009
112309,11/23/09,11,9,Q3,2009
112409,11/24/09,11,9,Q3,2009
112509,11/25/09,11,9,Q3,2009
112609,11/26/09,11,9,Q3,2009
112709,11/27/09,11,9,Q3,2009
112809,11/28/09,11,9,Q3,2009
112909,11/29/09,11,9,Q3,2009
113009,11/30/09,11,9,Q3,2009
120109,12/1/09,12,9,Q3,2009
120209,12/2/09,12,9,Q3,2009
120309,12/3/09,12,9,Q3,2009
120409,12/4/09,12,9,Q3,2009
120509,12/5/09,12,9,Q3,2009
120609,12/6/09,12,9,Q3,2009
120709,12/7/09,12,9,Q3,2009
120809,12/8/09,12,9,Q3,2009
120909,12/9/09,12,9,Q3,2009
121009,12/10/09,12,9,Q3,2009
121109,12/11/09,12,9,Q3,2009
121209,12/12/09,12,9,Q3,2009
121309,12/13/09,12,9,Q3,2009
121409,12/14/09,12,9,Q3,2009
121509,12/15/09,12,9,Q3,2009
121609,12/16/09,12,9,Q3,2009
121709,12/17/09,12,9,Q3,2009
121809,12/18/09,12,9,Q3,2009
121909,12/19/09,12,9,Q3,2009
122009,12/20/09,12,9,Q3,2009
122109,12/21/09,12,9,Q3,2009
122209,12/22/09,12,9,Q3,2009
122309,12/23/09,12,9,Q3,2009
122409,12/24/09,12,9,Q3,2009
122509,12/25/09,12,9,Q3,2009
122609,12/26/09,12,9,Q3,2009
122709,12/27/09,12,9,Q3,2009
122809,12/28/09,12,9,Q3,2009
122909,12/29/09,12,9,Q3,2009
123009,12/30/09,12,9,Q3,2009
123109,12/31/09,12,9,Q3,2009
10110,1/1/10,1,10,Q4,2009
10210,1/2/10,1,10,Q4,2009
10310,1/3/10,1,10,Q4,2009
10410,1/4/10,1,10,Q4,2009
10510,1/5/10,1,10,Q4,2009
10610,1/6/10,1,10,Q4,2009
10710,1/7/10,1,10,Q4,2009
10810,1/8/10,1,10,Q4,2009
10910,1/9/10,1,10,Q4,2009
11010,1/10/10,1,10,Q4,2009
11110,1/11/10,1,10,Q4,2009
11210,1/12/10,1,10,Q4,2009
11310,1/13/10,1,10,Q4,2009
11410,1/14/10,1,10,Q4,2009
11510,1/15/10,1,10,Q4,2009
11610,1/16/10,1,10,Q4,2009
11710,1/17/10,1,10,Q4,2009
11810,1/18/10,1,10,Q4,2009
11910,1/19/10,1,10,Q4,2009
12010,1/20/10,1,10,Q4,2009
12110,1/21/10,1,10,Q4,2009
12210,1/22/10,1,10,Q4,2009
12310,1/23/10,1,10,Q4,2009
12410,1/24/10,1,10,Q4,2009
12510,1/25/10,1,10,Q4,2009
12610,1/26/10,1,10,Q4,2009
12710,1/27/10,1,10,Q4,2009
12810,1/28/10,1,10,Q4,2009
12910,1/29/10,1,10,Q4,2009
13010,1/30/10,1,10,Q4,2009
13110,1/31/10,1,10,Q4,2009
20110,2/1/10,2,10,Q4,2009
20210,2/2/10,2,10,Q4,2009
20310,2/3/10,2,10,Q4,2009
20410,2/4/10,2,10,Q4,2009
20510,2/5/10,2,10,Q4,2009
20610,2/6/10,2,10,Q4,2009
20710,2/7/10,2,10,Q4,2009
20810,2/8/10,2,10,Q4,2009
20910,2/9/10,2,10,Q4,2009
21010,2/10/10,2,10,Q4,2009
21110,2/11/10,2,10,Q4,2009
21210,2/12/10,2,10,Q4,2009
21310,2/13/10,2,10,Q4,2009
21410,2/14/10,2,10,Q4,2009
21510,2/15/10,2,10,Q4,2009
21610,2/16/10,2,10,Q4,2009
21710,2/17/10,2,10,Q4,2009
21810,2/18/10,2,10,Q4,2009
21910,2/19/10,2,10,Q4,2009
22010,2/20/10,2,10,Q4,2009
22110,2/21/10,2,10,Q4,2009
22210,2/22/10,2,10,Q4,2009
22310,2/23/10,2,10,Q4,2009
22410,2/24/10,2,10,Q4,2009
22510,2/25/10,2,10,Q4,2009
22610,2/26/10,2,10,Q4,2009
22710,2/27/10,2,10,Q4,2009
22810,2/28/10,2,10,Q4,2009
30110,3/1/10,3,10,Q4,2009
30210,3/2/10,3,10,Q4,2009
30310,3/3/10,3,10,Q4,2009
30410,3/4/10,3,10,Q4,2009
30510,3/5/10,3,10,Q4,2009
30610,3/6/10,3,10,Q4,2009
30710,3/7/10,3,10,Q4,2009
30810,3/8/10,3,10,Q4,2009
30910,3/9/10,3,10,Q4,2009
31010,3/10/10,3,10,Q4,2009
31110,3/11/10,3,10,Q4,2009
31210,3/12/10,3,10,Q4,2009
31310,3/13/10,3,10,Q4,2009
31410,3/14/10,3,10,Q4,2009
31510,3/15/10,3,10,Q4,2009
31610,3/16/10,3,10,Q4,2009
31710,3/17/10,3,10,Q4,2009
31810,3/18/10,3,10,Q4,2009
31910,3/19/10,3,10,Q4,2009
32010,3/20/10,3,10,Q4,2009
32110,3/21/10,3,10,Q4,2009
32210,3/22/10,3,10,Q4,2009
32310,3/23/10,3,10,Q4,2009
32410,3/24/10,3,10,Q4,2009
32510,3/25/10,3,10,Q4,2009
32610,3/26/10,3,10,Q4,2009
32710,3/27/10,3,10,Q4,2009
32810,3/28/10,3,10,Q4,2009
32910,3/29/10,3,10,Q4,2009
33010,3/30/10,3,10,Q4,2009
33110,3/31/10,3,10,Q4,2009
40110,4/1/10,4,10,Q1,2010
40210,4/2/10,4,10,Q1,2010
40310,4/3/10,4,10,Q1,2010
40410,4/4/10,4,10,Q1,2010
40510,4/5/10,4,10,Q1,2010
40610,4/6/10,4,10,Q1,2010
40710,4/7/10,4,10,Q1,2010
40810,4/8/10,4,10,Q1,2010
40910,4/9/10,4,10,Q1,2010
41010,4/10/10,4,10,Q1,2010
41110,4/11/10,4,10,Q1,2010
41210,4/12/10,4,10,Q1,2010
41310,4/13/10,4,10,Q1,2010
41410,4/14/10,4,10,Q1,2010
41510,4/15/10,4,10,Q1,2010
41610,4/16/10,4,10,Q1,2010
41710,4/17/10,4,10,Q1,2010
41810,4/18/10,4,10,Q1,2010
41910,4/19/10,4,10,Q1,2010
42010,4/20/10,4,10,Q1,2010
42110,4/21/10,4,10,Q1,2010
42210,4/22/10,4,10,Q1,2010
42310,4/23/10,4,10,Q1,2010
42410,4/24/10,4,10,Q1,2010
42510,4/25/10,4,10,Q1,2010
42610,4/26/10,4,10,Q1,2010
42710,4/27/10,4,10,Q1,2010
42810,4/28/10,4,10,Q1,2010
42910,4/29/10,4,10,Q1,2010
43010,4/30/10,4,10,Q1,2010
50110,5/1/10,5,10,Q1,2010
50210,5/2/10,5,10,Q1,2010
50310,5/3/10,5,10,Q1,2010
50410,5/4/10,5,10,Q1,2010
50510,5/5/10,5,10,Q1,2010
50610,5/6/10,5,10,Q1,2010
50710,5/7/10,5,10,Q1,2010
50810,5/8/10,5,10,Q1,2010
50910,5/9/10,5,10,Q1,2010
51010,5/10/10,5,10,Q1,2010
51110,5/11/10,5,10,Q1,2010
51210,5/12/10,5,10,Q1,2010
51310,5/13/10,5,10,Q1,2010
51410,5/14/10,5,10,Q1,2010
51510,5/15/10,5,10,Q1,2010
51610,5/16/10,5,10,Q1,2010
51710,5/17/10,5,10,Q1,2010
51810,5/18/10,5,10,Q1,2010
51910,5/19/10,5,10,Q1,2010
52010,5/20/10,5,10,Q1,2010
52110,5/21/10,5,10,Q1,2010
52210,5/22/10,5,10,Q1,2010
52310,5/23/10,5,10,Q1,2010
52410,5/24/10,5,10,Q1,2010
52510,5/25/10,5,10,Q1,2010
52610,5/26/10,5,10,Q1,2010
52710,5/27/10,5,10,Q1,2010
52810,5/28/10,5,10,Q1,2010
52910,5/29/10,5,10,Q1,2010
53010,5/30/10,5,10,Q1,2010
53110,5/31/10,5,10,Q1,2010
60110,6/1/10,6,10,Q1,2010
60210,6/2/10,6,10,Q1,2010
60310,6/3/10,6,10,Q1,2010
60410,6/4/10,6,10,Q1,2010
60510,6/5/10,6,10,Q1,2010
60610,6/6/10,6,10,Q1,2010
60710,6/7/10,6,10,Q1,2010
60810,6/8/10,6,10,Q1,2010
60910,6/9/10,6,10,Q1,2010
61010,6/10/10,6,10,Q1,2010
61110,6/11/10,6,10,Q1,2010
61210,6/12/10,6,10,Q1,2010
61310,6/13/10,6,10,Q1,2010
61410,6/14/10,6,10,Q1,2010
61510,6/15/10,6,10,Q1,2010
61610,6/16/10,6,10,Q1,2010
61710,6/17/10,6,10,Q1,2010
61810,6/18/10,6,10,Q1,2010
61910,6/19/10,6,10,Q1,2010
62010,6/20/10,6,10,Q1,2010
62110,6/21/10,6,10,Q1,2010
62210,6/22/10,6,10,Q1,2010
62310,6/23/10,6,10,Q1,2010
62410,6/24/10,6,10,Q1,2010
62510,6/25/10,6,10,Q1,2010
62610,6/26/10,6,10,Q1,2010
62710,6/27/10,6,10,Q1,2010
62810,6/28/10,6,10,Q1,2010
62910,6/29/10,6,10,Q1,2010
63010,6/30/10,6,10,Q1,2010
70110,7/1/10,7,10,Q2,2010
70210,7/2/10,7,10,Q2,2010
70310,7/3/10,7,10,Q2,2010
70410,7/4/10,7,10,Q2,2010
70510,7/5/10,7,10,Q2,2010
70610,7/6/10,7,10,Q2,2010
70710,7/7/10,7,10,Q2,2010
70810,7/8/10,7,10,Q2,2010
70910,7/9/10,7,10,Q2,2010
71010,7/10/10,7,10,Q2,2010
71110,7/11/10,7,10,Q2,2010
71210,7/12/10,7,10,Q2,2010
71310,7/13/10,7,10,Q2,2010
71410,7/14/10,7,10,Q2,2010
71510,7/15/10,7,10,Q2,2010
71610,7/16/10,7,10,Q2,2010
71710,7/17/10,7,10,Q2,2010
71810,7/18/10,7,10,Q2,2010
71910,7/19/10,7,10,Q2,2010
72010,7/20/10,7,10,Q2,2010
72110,7/21/10,7,10,Q2,2010
72210,7/22/10,7,10,Q2,2010
72310,7/23/10,7,10,Q2,2010
72410,7/24/10,7,10,Q2,2010
72510,7/25/10,7,10,Q2,2010
72610,7/26/10,7,10,Q2,2010
72710,7/27/10,7,10,Q2,2010
72810,7/28/10,7,10,Q2,2010
72910,7/29/10,7,10,Q2,2010
73010,7/30/10,7,10,Q2,2010
73110,7/31/10,7,10,Q2,2010
80110,8/1/10,8,10,Q2,2010
80210,8/2/10,8,10,Q2,2010
80310,8/3/10,8,10,Q2,2010
80410,8/4/10,8,10,Q2,2010
80510,8/5/10,8,10,Q2,2010
80610,8/6/10,8,10,Q2,2010
80710,8/7/10,8,10,Q2,2010
80810,8/8/10,8,10,Q2,2010
80910,8/9/10,8,10,Q2,2010
81010,8/10/10,8,10,Q2,2010
81110,8/11/10,8,10,Q2,2010
81210,8/12/10,8,10,Q2,2010
81310,8/13/10,8,10,Q2,2010
81410,8/14/10,8,10,Q2,2010
81510,8/15/10,8,10,Q2,2010
81610,8/16/10,8,10,Q2,2010
81710,8/17/10,8,10,Q2,2010
81810,8/18/10,8,10,Q2,2010
81910,8/19/10,8,10,Q2,2010
82010,8/20/10,8,10,Q2,2010
82110,8/21/10,8,10,Q2,2010
82210,8/22/10,8,10,Q2,2010
82310,8/23/10,8,10,Q2,2010
82410,8/24/10,8,10,Q2,2010
82510,8/25/10,8,10,Q2,2010
82610,8/26/10,8,10,Q2,2010
82710,8/27/10,8,10,Q2,2010
82810,8/28/10,8,10,Q2,2010
82910,8/29/10,8,10,Q2,2010
83010,8/30/10,8,10,Q2,2010
83110,8/31/10,8,10,Q2,2010
90110,9/1/10,9,10,Q2,2010
90210,9/2/10,9,10,Q2,2010
90310,9/3/10,9,10,Q2,2010
90410,9/4/10,9,10,Q2,2010
90510,9/5/10,9,10,Q2,2010
90610,9/6/10,9,10,Q2,2010
90710,9/7/10,9,10,Q2,2010
90810,9/8/10,9,10,Q2,2010
90910,9/9/10,9,10,Q2,2010
91010,9/10/10,9,10,Q2,2010
91110,9/11/10,9,10,Q2,2010
91210,9/12/10,9,10,Q2,2010
91310,9/13/10,9,10,Q2,2010
91410,9/14/10,9,10,Q2,2010
91510,9/15/10,9,10,Q2,2010
91610,9/16/10,9,10,Q2,2010
91710,9/17/10,9,10,Q2,2010
91810,9/18/10,9,10,Q2,2010
91910,9/19/10,9,10,Q2,2010
92010,9/20/10,9,10,Q2,2010
92110,9/21/10,9,10,Q2,2010
92210,9/22/10,9,10,Q2,2010
92310,9/23/10,9,10,Q2,2010
92410,9/24/10,9,10,Q2,2010
92510,9/25/10,9,10,Q2,2010
92610,9/26/10,9,10,Q2,2010
92710,9/27/10,9,10,Q2,2010
92810,9/28/10,9,10,Q2,2010
92910,9/29/10,9,10,Q2,2010
93010,9/30/10,9,10,Q2,2010
100110,10/1/10,10,10,Q3,2010
100210,10/2/10,10,10,Q3,2010
100310,10/3/10,10,10,Q3,2010
100410,10/4/10,10,10,Q3,2010
100510,10/5/10,10,10,Q3,2010
100610,10/6/10,10,10,Q3,2010
100710,10/7/10,10,10,Q3,2010
100810,10/8/10,10,10,Q3,2010
100910,10/9/10,10,10,Q3,2010
101010,10/10/10,10,10,Q3,2010
101110,10/11/10,10,10,Q3,2010
101210,10/12/10,10,10,Q3,2010
101310,10/13/10,10,10,Q3,2010
101410,10/14/10,10,10,Q3,2010
101510,10/15/10,10,10,Q3,2010
101610,10/16/10,10,10,Q3,2010
101710,10/17/10,10,10,Q3,2010
101810,10/18/10,10,10,Q3,2010
101910,10/19/10,10,10,Q3,2010
102010,10/20/10,10,10,Q3,2010
102110,10/21/10,10,10,Q3,2010
102210,10/22/10,10,10,Q3,2010
102310,10/23/10,10,10,Q3,2010
102410,10/24/10,10,10,Q3,2010
102510,10/25/10,10,10,Q3,2010
102610,10/26/10,10,10,Q3,2010
102710,10/27/10,10,10,Q3,2010
102810,10/28/10,10,10,Q3,2010
102910,10/29/10,10,10,Q3,2010